{"type": "FeatureCollection", "features": [{"type": "Feature", "properties": {"building_local_id": "MSB-0000", "source": "microsoft-global-ml-building-footprints"}, "geometry": {"type": "Polygon", "coordinates": [[[76.94404883255464, 8.495208554330148], [76.9441042994149, 8.495175915028355], [76.94415851597482, 8.495266039359151], [76.94410304911456, 8.495298678653299], [76.94404883255464, 8.495208554330148]]]}}, {"type": "Feature", "properties": {"building_local_id": "MSB-0001", "source": "microsoft-global-ml-building-footprints"}, "geometry": {"type": "Polygon", "coordinates": [[[76.94436890460786, 8.49646645865279], [76.94428235743315, 8.496536707396658], [76.9442376359189, 8.496482812795463], [76.94432418309357, 8.496412564041705], [76.94436890460786, 8.49646645865279]]]}}, {"type": "Feature", "properties": {"building_local_id": "MSB-0002", "source": "microsoft-global-ml-building-footprints"}, "geometry": {"type": "Polygon", "coordinates": [[[76.94476570423494, 8.496921458745831], [76.94466972099207, 8.497005751377657], [76.94463110199942, 8.496962736358952], [76.94472708524229, 8.496878443717662], [76.94476570423494, 8.496921458745831]]]}}, {"type": "Feature", "properties": {"building_local_id": "MSB-0003", "source": "microsoft-global-ml-building-footprints"}, "geometry": {"type": "Polygon", "coordinates": [[[76.94569432393011, 8.496300030504983], [76.94580545947008, 8.496282475351919], [76.94584813168717, 8.496355567399277], [76.94585644704269, 8.49640705989961], [76.94578844427092, 8.496417801726125], [76.94579325231716, 8.49644757535252], [76.94575990052907, 8.496466619268432], [76.94576421669261, 8.49649333522116], [76.94568734363193, 8.496537229835624], [76.94565312572739, 8.49654263494871], [76.94560870515208, 8.496466539000451], [76.94572859091669, 8.49639807576446], [76.94574200136228, 8.496395957428959], [76.94573698858153, 8.496364915988224], [76.94570560268684, 8.496369873754901], [76.94569432393011, 8.496300030504983]]]}}, {"type": "Feature", "properties": {"building_local_id": "MSB-0004", "source": "microsoft-global-ml-building-footprints"}, "geometry": {"type": "Polygon", "coordinates": [[[76.94495488979723, 8.497638853877973], [76.94482177756248, 8.497740135145392], [76.94468826153988, 8.49756848901285], [76.9447522902098, 8.497519771422702], [76.94473745033872, 8.497500693506922], [76.94484529174619, 8.49741864750014], [76.94490549749183, 8.497496047114794], [76.94491897721181, 8.497485790778612], [76.94496434673407, 8.497544117155527], [76.94491211281915, 8.497583860450689], [76.94495488979723, 8.497638853877973]]]}}, {"type": "Feature", "properties": {"building_local_id": "MSB-0005", "source": "microsoft-global-ml-building-footprints"}, "geometry": {"type": "Polygon", "coordinates": [[[76.94500360258644, 8.494731846608516], [76.9450679656135, 8.494732639646998], [76.94506711164293, 8.494800435563633], [76.94500274867194, 8.49479963807076], [76.94500360258644, 8.494731846608516]]]}}, {"type": "Feature", "properties": {"building_local_id": "MSB-0006", "source": "microsoft-global-ml-building-footprints"}, "geometry": {"type": "Polygon", "coordinates": [[[76.94640608533848, 8.49545987733913], [76.94643621665546, 8.495540657533255], [76.9464126076413, 8.495549271590036], [76.94638247686092, 8.495468492836139], [76.94640608533848, 8.49545987733913]]]}}, {"type": "Feature", "properties": {"building_local_id": "MSB-0007", "source": "microsoft-global-ml-building-footprints"}, "geometry": {"type": "Polygon", "coordinates": [[[76.9472226463385, 8.498008039668036], [76.94727022930763, 8.497995497212898], [76.94727356571734, 8.498007881569862], [76.94736487245343, 8.497983813911162], [76.94741467840795, 8.498168639120237], [76.94727577407208, 8.498205243457548], [76.9472226463385, 8.498008039668036]]]}}, {"type": "Feature", "properties": {"building_local_id": "MSB-0008", "source": "microsoft-global-ml-building-footprints"}, "geometry": {"type": "Polygon", "coordinates": [[[76.94500659496758, 8.498668505164517], [76.94518492275675, 8.498652988883535], [76.94519626444239, 8.498780491319124], [76.94495938270715, 8.498801118762458], [76.9449326889161, 8.498501028981892], [76.9449912439518, 8.498495930059448], [76.94500659496758, 8.498668505164517]]]}}, {"type": "Feature", "properties": {"building_local_id": "MSB-0009", "source": "microsoft-global-ml-building-footprints"}, "geometry": {"type": "Polygon", "coordinates": [[[76.94658738450697, 8.494103566458648], [76.94652838939146, 8.494102684377978], [76.94652932179417, 8.494041684188872], [76.94658831690968, 8.49404256626967], [76.94658738450697, 8.494103566458648]]]}}, {"type": "Feature", "properties": {"building_local_id": "MSB-0010", "source": "microsoft-global-ml-building-footprints"}, "geometry": {"type": "Polygon", "coordinates": [[[76.94810834042258, 8.497848580805979], [76.94835376540719, 8.49784328041845], [76.94835452401713, 8.497877749941807], [76.94810910147065, 8.497883050276187], [76.94810834042258, 8.497848580805979]]]}}, {"type": "Feature", "properties": {"building_local_id": "MSB-0011", "source": "microsoft-global-ml-building-footprints"}, "geometry": {"type": "Polygon", "coordinates": [[[76.94545501788386, 8.498441230721355], [76.94555735396003, 8.498415977203123], [76.94560775526712, 8.498615760256001], [76.9455130074162, 8.498639141212479], [76.94548843029085, 8.498541748594178], [76.9454808553746, 8.498543617859042], [76.94545501788386, 8.498441230721355]]]}}, {"type": "Feature", "properties": {"building_local_id": "MSB-0012", "source": "microsoft-global-ml-building-footprints"}, "geometry": {"type": "Polygon", "coordinates": [[[76.94621247275104, 8.49809352156349], [76.94620811004393, 8.498054203974206], [76.9462796673443, 8.498046432365683], [76.94628403005142, 8.498085749955777], [76.94621247275104, 8.49809352156349]]]}}, {"type": "Feature", "properties": {"building_local_id": "MSB-0013", "source": "microsoft-global-ml-building-footprints"}, "geometry": {"type": "Polygon", "coordinates": [[[76.94637616990005, 8.494548573005233], [76.94638007289085, 8.494683754786095], [76.94631843234599, 8.494685495648596], [76.94631452935518, 8.494550313868316], [76.94637616990005, 8.494548573005233]]]}}, {"type": "Feature", "properties": {"building_local_id": "MSB-0014", "source": "microsoft-global-ml-building-footprints"}, "geometry": {"type": "Polygon", "coordinates": [[[76.9467912237535, 8.4983874788647], [76.94677423460128, 8.49832573099043], [76.94690409604512, 8.498290790539954], [76.94693603565125, 8.498406876545928], [76.9468074950853, 8.498441461591256], [76.94679254821168, 8.498387122506784], [76.9467912237535, 8.4983874788647]]]}}, {"type": "Feature", "properties": {"building_local_id": "MSB-0015", "source": "microsoft-global-ml-building-footprints"}, "geometry": {"type": "Polygon", "coordinates": [[[76.94785803151214, 8.498989007809598], [76.94789232713049, 8.498984623123619], [76.94790085284426, 8.499049851964998], [76.94775176620203, 8.499068912650301], [76.94773197601315, 8.498917583075439], [76.94784677757, 8.498902905722986], [76.94785803151214, 8.498989007809598]]]}}, {"type": "Feature", "properties": {"building_local_id": "MSB-0016", "source": "microsoft-global-ml-building-footprints"}, "geometry": {"type": "Polygon", "coordinates": [[[76.9483670214415, 8.495364287035102], [76.94837062917402, 8.49547027807344], [76.94827417895712, 8.495473489405569], [76.94827057122457, 8.49536749836814], [76.9483670214415, 8.495364287035102]]]}}, {"type": "Feature", "properties": {"building_local_id": "MSB-0017", "source": "microsoft-global-ml-building-footprints"}, "geometry": {"type": "Polygon", "coordinates": [[[76.94584675124928, 8.494037182387714], [76.94584604849214, 8.494100841717952], [76.94574681858765, 8.494099770184661], [76.94574752134474, 8.494036110854239], [76.94584675124928, 8.494037182387714]]]}}, {"type": "Feature", "properties": {"building_local_id": "MSB-0018", "source": "microsoft-global-ml-building-footprints"}, "geometry": {"type": "Polygon", "coordinates": [[[76.94749204339952, 8.497652743798653], [76.94759245780251, 8.497654599643838], [76.94759120517823, 8.49772089557456], [76.94749078608542, 8.497719039643002], [76.94749204339952, 8.497652743798653]]]}}, {"type": "Feature", "properties": {"building_local_id": "MSB-0019", "source": "microsoft-global-ml-building-footprints"}, "geometry": {"type": "Polygon", "coordinates": [[[76.94351037941992, 8.494022878947092], [76.94350191970935, 8.494178944880886], [76.9434163350071, 8.494174406893066], [76.94342479471767, 8.494018340957453], [76.94351037941992, 8.494022878947092]]]}}, {"type": "Feature", "properties": {"building_local_id": "MSB-0020", "source": "microsoft-global-ml-building-footprints"}, "geometry": {"type": "Polygon", "coordinates": [[[76.94592466017336, 8.498843128201486], [76.9459543744402, 8.498906413096762], [76.9458462575325, 8.498956061136937], [76.94581654326565, 8.49889277624986], [76.94592466017336, 8.498843128201486]]]}}, {"type": "Feature", "properties": {"building_local_id": "MSB-0021", "source": "microsoft-global-ml-building-footprints"}, "geometry": {"type": "Polygon", "coordinates": [[[76.94391768016202, 8.497186855359857], [76.94386527660548, 8.49713785640185], [76.94394159926667, 8.497058012741434], [76.9440449900674, 8.497154686375453], [76.94397937935864, 8.497223323891774], [76.94392839211446, 8.49717564923452], [76.94391768016202, 8.497186855359857]]]}}, {"type": "Feature", "properties": {"building_local_id": "MSB-0022", "source": "microsoft-global-ml-building-footprints"}, "geometry": {"type": "Polygon", "coordinates": [[[76.94838250269657, 8.494855079931042], [76.94807751720988, 8.494870385688003], [76.94805481563577, 8.494428509997547], [76.94812437372921, 8.494425019206929], [76.94813307373366, 8.49459436085057], [76.9482043186332, 8.494590785408676], [76.9482078481542, 8.494659580674394], [76.94837203550375, 8.49465134089533], [76.94838250269657, 8.494855079931042]]]}}, {"type": "Feature", "properties": {"building_local_id": "MSB-0023", "source": "microsoft-global-ml-building-footprints"}, "geometry": {"type": "Polygon", "coordinates": [[[76.94346550260366, 8.493954785255724], [76.94346406277904, 8.493989212609435], [76.94341854310673, 8.493987350414102], [76.94341998293135, 8.493952923060235], [76.94346550260366, 8.493954785255724]]]}}, {"type": "Feature", "properties": {"building_local_id": "MSB-0024", "source": "microsoft-global-ml-building-footprints"}, "geometry": {"type": "Polygon", "coordinates": [[[76.94538505406784, 8.493770168270899], [76.94539003549079, 8.493672262940748], [76.94549972828551, 8.493677722353993], [76.94549474686256, 8.493775627682794], [76.94538505406784, 8.493770168270899]]]}}, {"type": "Feature", "properties": {"building_local_id": "MSB-0025", "source": "microsoft-global-ml-building-footprints"}, "geometry": {"type": "Polygon", "coordinates": [[[76.94571241743785, 8.495893434349057], [76.9456079265274, 8.495896862763502], [76.94560066061742, 8.495680702493857], [76.94570515128497, 8.49567726685251], [76.94571241743785, 8.495893434349057]]]}}, {"type": "Feature", "properties": {"building_local_id": "MSB-0026", "source": "microsoft-global-ml-building-footprints"}, "geometry": {"type": "Polygon", "coordinates": [[[76.94734111409934, 8.49451049171806], [76.94746974508777, 8.494491731054922], [76.94748561689855, 8.494598180357045], [76.94735698591013, 8.494616941014996], [76.94734111409934, 8.49451049171806]]]}}, {"type": "Feature", "properties": {"building_local_id": "MSB-0027", "source": "microsoft-global-ml-building-footprints"}, "geometry": {"type": "Polygon", "coordinates": [[[76.94315338037939, 8.497018403309085], [76.94334962804507, 8.49690307193984], [76.94343325839276, 8.49704227037084], [76.94323701072707, 8.497157601698234], [76.94315338037939, 8.497018403309085]]]}}, {"type": "Feature", "properties": {"building_local_id": "MSB-0028", "source": "microsoft-global-ml-building-footprints"}, "geometry": {"type": "Polygon", "coordinates": [[[76.94592826382689, 8.496252512792964], [76.9459991414107, 8.496242175436166], [76.9460175049941, 8.496365277606955], [76.9459466281266, 8.49637561976212], [76.94592826382689, 8.496252512792964]]]}}, {"type": "Feature", "properties": {"building_local_id": "MSB-0029", "source": "microsoft-global-ml-building-footprints"}, "geometry": {"type": "Polygon", "coordinates": [[[76.947851017164, 8.495258717498999], [76.94792747608207, 8.495248762203971], [76.94793372377984, 8.49529569876509], [76.94785726486171, 8.49530565405891], [76.947851017164, 8.495258717498999]]]}}, {"type": "Feature", "properties": {"building_local_id": "MSB-0030", "source": "microsoft-global-ml-building-footprints"}, "geometry": {"type": "Polygon", "coordinates": [[[76.94432292550314, 8.495899423302532], [76.94428153017225, 8.495928091797566], [76.94425070562573, 8.495884550401627], [76.94429210231786, 8.49585588382611], [76.94432292550314, 8.495899423302532]]]}}, {"type": "Feature", "properties": {"building_local_id": "MSB-0031", "source": "microsoft-global-ml-building-footprints"}, "geometry": {"type": "Polygon", "coordinates": [[[76.94475203570806, 8.498367704712706], [76.9447729939385, 8.498291077733668], [76.94471196832062, 8.498274746921041], [76.94470176771797, 8.498247487849909], [76.94471687796735, 8.49819224210303], [76.94481043408224, 8.498157990600433], [76.94482687915675, 8.498201936783317], [76.94482574655126, 8.498206077789604], [76.94484744100093, 8.49826405187278], [76.94483255234954, 8.498318487408056], [76.94480222758352, 8.498329587398885], [76.94480332128602, 8.498332510099559], [76.9447756714633, 8.498433576554433], [76.94472621992496, 8.498420346461259], [76.94474828717462, 8.498479316744977], [76.94470582381379, 8.498494859905776], [76.94465343807005, 8.498354869539128], [76.94467938790166, 8.498345370937457], [76.94469781676729, 8.49839461838232], [76.94470837621368, 8.498356021178793], [76.94475203570806, 8.498367704712706]]]}}, {"type": "Feature", "properties": {"building_local_id": "MSB-0032", "source": "microsoft-global-ml-building-footprints"}, "geometry": {"type": "Polygon", "coordinates": [[[76.94480255394953, 8.49719045281536], [76.94485496270623, 8.49728742761539], [76.94479863547367, 8.497317204281813], [76.94474622671702, 8.497220229489344], [76.94480255394953, 8.49719045281536]]]}}, {"type": "Feature", "properties": {"building_local_id": "MSB-0033", "source": "microsoft-global-ml-building-footprints"}, "geometry": {"type": "Polygon", "coordinates": [[[76.94495700198478, 8.495690042855301], [76.94503199868778, 8.495687265492265], [76.94503486299301, 8.495762921785598], [76.94495986609377, 8.495765693964017], [76.94495700198478, 8.495690042855301]]]}}, {"type": "Feature", "properties": {"building_local_id": "MSB-0034", "source": "microsoft-global-ml-building-footprints"}, "geometry": {"type": "Polygon", "coordinates": [[[76.94575739572994, 8.494715611818108], [76.94570913345817, 8.494714703130796], [76.94570683654155, 8.494834035137742], [76.94561131977305, 8.49483223673819], [76.945614349448, 8.494674254818818], [76.94565993060365, 8.494675109870727], [76.94566186309629, 8.49457434031315], [76.9457600794764, 8.494576182743884], [76.94575739572994, 8.494715611818108]]]}}, {"type": "Feature", "properties": {"building_local_id": "MSB-0035", "source": "microsoft-global-ml-building-footprints"}, "geometry": {"type": "Polygon", "coordinates": [[[76.94617336121311, 8.496748429869953], [76.94614406597289, 8.496750877466496], [76.94614901549068, 8.496808824867756], [76.94603449773336, 8.496818392743549], [76.94602302385128, 8.496684060121538], [76.94616683684879, 8.496672044645337], [76.94617336121311, 8.496748429869953]]]}}, {"type": "Feature", "properties": {"building_local_id": "MSB-0036", "source": "microsoft-global-ml-building-footprints"}, "geometry": {"type": "Polygon", "coordinates": [[[76.94779535646678, 8.497514789639084], [76.94780427154507, 8.497601433584279], [76.94763967908169, 8.497617999249272], [76.9476307640034, 8.497531355307856], [76.94779535646678, 8.497514789639084]]]}}, {"type": "Feature", "properties": {"building_local_id": "MSB-0037", "source": "microsoft-global-ml-building-footprints"}, "geometry": {"type": "Polygon", "coordinates": [[[76.94584548761772, 8.497724397883161], [76.94580107068784, 8.497788832942575], [76.94576628069426, 8.497765372467242], [76.94581069649087, 8.497700939047888], [76.94584548761772, 8.497724397883161]]]}}, {"type": "Feature", "properties": {"building_local_id": "MSB-0038", "source": "microsoft-global-ml-building-footprints"}, "geometry": {"type": "Polygon", "coordinates": [[[76.94600508993561, 8.4954634464371], [76.94617287128762, 8.495404702979968], [76.94617505614647, 8.495410807119626], [76.94627993295055, 8.495374095002347], [76.94630862179585, 8.495454246960335], [76.94603595452185, 8.495549694091636], [76.94600508993561, 8.4954634464371]]]}}, {"type": "Feature", "properties": {"building_local_id": "MSB-0039", "source": "microsoft-global-ml-building-footprints"}, "geometry": {"type": "Polygon", "coordinates": [[[76.94681920717787, 8.49448971883048], [76.94720602472222, 8.494375814097637], [76.94724022098656, 8.494489409873978], [76.94685339603792, 8.494603289976979], [76.94681920717787, 8.49448971883048]]]}}, {"type": "Feature", "properties": {"building_local_id": "MSB-0040", "source": "microsoft-global-ml-building-footprints"}, "geometry": {"type": "Polygon", "coordinates": [[[76.9470857273709, 8.497541466905645], [76.94708599768951, 8.49760513210154], [76.9468016886311, 8.497606332581896], [76.9468014026086, 8.497538968813728], [76.94680944909376, 8.497538935394857], [76.94680920130166, 8.497480575605152], [76.94689234831485, 8.497480230276523], [76.94689261178407, 8.497542282326421], [76.9470857273709, 8.497541466905645]]]}}, {"type": "Feature", "properties": {"building_local_id": "MSB-0041", "source": "microsoft-global-ml-building-footprints"}, "geometry": {"type": "Polygon", "coordinates": [[[76.94739636084105, 8.498632484366254], [76.94740469262842, 8.498758272162078], [76.94712960563493, 8.498776095092751], [76.94713240498504, 8.498818357811786], [76.94695207968446, 8.498830041115383], [76.94693340756461, 8.498548442691543], [76.9470897152664, 8.498538304664763], [76.94709723848553, 8.498651885263556], [76.94739636084105, 8.498632484366254]]]}}, {"type": "Feature", "properties": {"building_local_id": "MSB-0042", "source": "microsoft-global-ml-building-footprints"}, "geometry": {"type": "Polygon", "coordinates": [[[76.94848523486056, 8.494467346726296], [76.94849456930433, 8.494564623613115], [76.94839621345443, 8.494573855656796], [76.94840050225291, 8.494618550433287], [76.94832607079894, 8.494625536843799], [76.94831093386313, 8.494467790553415], [76.94836409918739, 8.49446280025819], [76.94836561288096, 8.494478574890337], [76.94848523486056, 8.494467346726296]]]}}, {"type": "Feature", "properties": {"building_local_id": "MSB-0043", "source": "microsoft-global-ml-building-footprints"}, "geometry": {"type": "Polygon", "coordinates": [[[76.94577496223647, 8.49804676491948], [76.94578870174328, 8.497962532907707], [76.94585547106227, 8.497973186154667], [76.94583226613362, 8.498115385582565], [76.94578903418687, 8.498108487797182], [76.94579848954221, 8.498050520400085], [76.94577496223647, 8.49804676491948]]]}}, {"type": "Feature", "properties": {"building_local_id": "MSB-0044", "source": "microsoft-global-ml-building-footprints"}, "geometry": {"type": "Polygon", "coordinates": [[[76.94587920326771, 8.497888802496178], [76.94589185996081, 8.497933007500379], [76.94582481640015, 8.497951784106505], [76.94581215970705, 8.497907579104478], [76.94587920326771, 8.497888802496178]]]}}, {"type": "Feature", "properties": {"building_local_id": "MSB-0045", "source": "microsoft-global-ml-building-footprints"}, "geometry": {"type": "Polygon", "coordinates": [[[76.94684742720654, 8.49696419702731], [76.94670086821448, 8.497005131692248], [76.94666367908235, 8.496874922078433], [76.94686133922544, 8.49681971458476], [76.94687116051557, 8.49685411021595], [76.94675937618726, 8.496885332151436], [76.94676709291524, 8.496912357285865], [76.94682778011786, 8.496895407040824], [76.94684742720654, 8.49696419702731]]]}}, {"type": "Feature", "properties": {"building_local_id": "MSB-0046", "source": "microsoft-global-ml-building-footprints"}, "geometry": {"type": "Polygon", "coordinates": [[[76.94834269741351, 8.498683218689777], [76.94827031732216, 8.498684892086459], [76.94827094397988, 8.498711405161103], [76.94818516016794, 8.498713388445907], [76.9481806482324, 8.4985224942684], [76.94824230534725, 8.498521068781756], [76.94824255601034, 8.498531674016363], [76.94833906279878, 8.498529442819915], [76.94834269741351, 8.498683218689777]]]}}, {"type": "Feature", "properties": {"building_local_id": "MSB-0047", "source": "microsoft-global-ml-building-footprints"}, "geometry": {"type": "Polygon", "coordinates": [[[76.94604759277522, 8.49354737289535], [76.9460510489578, 8.493608195232767], [76.94600390948567, 8.493610812199108], [76.94600045759361, 8.493549989623887], [76.94604759277522, 8.49354737289535]]]}}, {"type": "Feature", "properties": {"building_local_id": "MSB-0048", "source": "microsoft-global-ml-building-footprints"}, "geometry": {"type": "Polygon", "coordinates": [[[76.94613654900667, 8.495367258304157], [76.94612066182646, 8.495281503753716], [76.94625920566115, 8.49525639680013], [76.94627509699296, 8.495342141013396], [76.94613654900667, 8.495367258304157]]]}}, {"type": "Feature", "properties": {"building_local_id": "MSB-0049", "source": "microsoft-global-ml-building-footprints"}, "geometry": {"type": "Polygon", "coordinates": [[[76.94641314125123, 8.497028923947497], [76.94654235243402, 8.496986162337265], [76.94668083328189, 8.497395554663726], [76.94665912322002, 8.497402737959007], [76.94666880725288, 8.49743136694596], [76.94656133128679, 8.497466927945496], [76.94641314125123, 8.497028923947497]]]}}, {"type": "Feature", "properties": {"building_local_id": "MSB-0050", "source": "microsoft-global-ml-building-footprints"}, "geometry": {"type": "Polygon", "coordinates": [[[76.94682555352895, 8.494802787897541], [76.94682933467543, 8.494852912027966], [76.94686033932079, 8.494850626355372], [76.94686530987217, 8.494916579491147], [76.94672393824445, 8.494927001451885], [76.9467151900741, 8.494810923928497], [76.94682555352895, 8.494802787897541]]]}}, {"type": "Feature", "properties": {"building_local_id": "MSB-0051", "source": "microsoft-global-ml-building-footprints"}, "geometry": {"type": "Polygon", "coordinates": [[[76.94683735290354, 8.49729348260881], [76.94692550159094, 8.497266549711483], [76.9469433566638, 8.497323724617829], [76.94678664479363, 8.497371595412943], [76.94673143612611, 8.497194808092132], [76.94668108900973, 8.497210187638089], [76.94666596021843, 8.497161753699174], [76.946784871907, 8.497125429711062], [76.94683735290354, 8.49729348260881]]]}}, {"type": "Feature", "properties": {"building_local_id": "MSB-0052", "source": "microsoft-global-ml-building-footprints"}, "geometry": {"type": "Polygon", "coordinates": [[[76.94823842895444, 8.49523961924909], [76.94824005986713, 8.495286367337755], [76.94823902082229, 8.495286402724147], [76.94824105034682, 8.495344694758032], [76.94819922909669, 8.495346119050566], [76.9481955646427, 8.495241082032337], [76.94823842895444, 8.49523961924909]]]}}, {"type": "Feature", "properties": {"building_local_id": "MSB-0053", "source": "microsoft-global-ml-building-footprints"}, "geometry": {"type": "Polygon", "coordinates": [[[76.94411606031376, 8.493506190667503], [76.94411383553091, 8.493429322519418], [76.94423276018101, 8.493425963818737], [76.94423497952872, 8.493502832120996], [76.94411606031376, 8.493506190667503]]]}}, {"type": "Feature", "properties": {"building_local_id": "MSB-0054", "source": "microsoft-global-ml-building-footprints"}, "geometry": {"type": "Polygon", "coordinates": [[[76.9449088439702, 8.495887376216501], [76.94480697619423, 8.49588974547568], [76.94480550251953, 8.495827581867815], [76.94490737046256, 8.4958252196557], [76.9449088439702, 8.495887376216501]]]}}, {"type": "Feature", "properties": {"building_local_id": "MSB-0055", "source": "microsoft-global-ml-building-footprints"}, "geometry": {"type": "Polygon", "coordinates": [[[76.94601605646768, 8.4968527272719], [76.94616339142125, 8.496813064858529], [76.94618582167669, 8.496894568035856], [76.94603848672318, 8.496934230440786], [76.94601605646768, 8.4968527272719]]]}}, {"type": "Feature", "properties": {"building_local_id": "MSB-0056", "source": "microsoft-global-ml-building-footprints"}, "geometry": {"type": "Polygon", "coordinates": [[[76.94668839814958, 8.4945010392845], [76.946572768243, 8.494517471539211], [76.94655728653532, 8.494410907448966], [76.9466729164419, 8.494394475189708], [76.94668839814958, 8.4945010392845]]]}}, {"type": "Feature", "properties": {"building_local_id": "MSB-0057", "source": "microsoft-global-ml-building-footprints"}, "geometry": {"type": "Polygon", "coordinates": [[[76.94744210282093, 8.494811009829618], [76.94750913393212, 8.494809752400826], [76.94750984590311, 8.494846878007593], [76.9474428147919, 8.494848135436285], [76.94744210282093, 8.494811009829618]]]}}, {"type": "Feature", "properties": {"building_local_id": "MSB-0058", "source": "microsoft-global-ml-building-footprints"}, "geometry": {"type": "Polygon", "coordinates": [[[76.944645199344, 8.49358871547949], [76.94473905817713, 8.49358740957841], [76.94474020502207, 8.493668441589605], [76.944646346097, 8.493669740994676], [76.944645199344, 8.49358871547949]]]}}, {"type": "Feature", "properties": {"building_local_id": "MSB-0059", "source": "microsoft-global-ml-building-footprints"}, "geometry": {"type": "Polygon", "coordinates": [[[76.94518987353294, 8.494721572865387], [76.94528382861502, 8.494358017641133], [76.94538201984497, 8.494382839920547], [76.94539581125115, 8.494329474630973], [76.94544112951935, 8.49434093401328], [76.94542991298601, 8.494384335935663], [76.94542991298601, 8.494384335935663], [76.9453333837921, 8.494757851546538], [76.94518987353294, 8.494721572865387]]]}}, {"type": "Feature", "properties": {"building_local_id": "MSB-0060", "source": "microsoft-global-ml-building-footprints"}, "geometry": {"type": "Polygon", "coordinates": [[[76.94659530094731, 8.493881311488295], [76.94673059056366, 8.493867207946465], [76.94674457090659, 8.49399838999895], [76.94667029425447, 8.494006133117338], [76.94667767517284, 8.494075390628012], [76.94661666265375, 8.494081755222368], [76.94659530094731, 8.493881311488295]]]}}, {"type": "Feature", "properties": {"building_local_id": "MSB-0061", "source": "microsoft-global-ml-building-footprints"}, "geometry": {"type": "Polygon", "coordinates": [[[76.94710086520416, 8.497300134978602], [76.9471601022825, 8.4972927009143], [76.94717417788765, 8.497402350626857], [76.94713077141547, 8.497407797999045], [76.9471270869475, 8.497379079969619], [76.94711124870487, 8.497381067618093], [76.94710086520416, 8.497300134978602]]]}}, {"type": "Feature", "properties": {"building_local_id": "MSB-0062", "source": "microsoft-global-ml-building-footprints"}, "geometry": {"type": "Polygon", "coordinates": [[[76.94750445811118, 8.494062066836875], [76.94751962620481, 8.494183233883518], [76.94742716699432, 8.494194562107936], [76.94742769752665, 8.4941988001504], [76.94735372952697, 8.494207857686774], [76.94733803011192, 8.494082446300695], [76.94750445811118, 8.494062066836875]]]}}, {"type": "Feature", "properties": {"building_local_id": "MSB-0063", "source": "microsoft-global-ml-building-footprints"}, "geometry": {"type": "Polygon", "coordinates": [[[76.9486202095987, 8.495252582267526], [76.94876118551281, 8.495257022375256], [76.94875853453222, 8.495339175054795], [76.94861756442575, 8.495334735130925], [76.9486202095987, 8.495252582267526]]]}}, {"type": "Feature", "properties": {"building_local_id": "MSB-0064", "source": "microsoft-global-ml-building-footprints"}, "geometry": {"type": "Polygon", "coordinates": [[[76.94897855681616, 8.49327026457182], [76.94897154877498, 8.49340686148382], [76.94884580825367, 8.493400559850798], [76.94885281674026, 8.49326395425497], [76.94897855681616, 8.49327026457182]]]}}, {"type": "Feature", "properties": {"building_local_id": "MSB-0065", "source": "microsoft-global-ml-building-footprints"}, "geometry": {"type": "Polygon", "coordinates": [[[76.94438053283784, 8.495132371945132], [76.94443440400633, 8.4951088493398], [76.94445963379123, 8.495165360370308], [76.94440576401598, 8.495188886092734], [76.94438053283784, 8.495132371945132]]]}}, {"type": "Feature", "properties": {"building_local_id": "MSB-0066", "source": "microsoft-global-ml-building-footprints"}, "geometry": {"type": "Polygon", "coordinates": [[[76.94604837375721, 8.494728619057966], [76.94612609034486, 8.49472635423838], [76.94612995955629, 8.494856227863195], [76.9460522429686, 8.49485849268197], [76.94604837375721, 8.494728619057966]]]}}, {"type": "Feature", "properties": {"building_local_id": "MSB-0067", "source": "microsoft-global-ml-building-footprints"}, "geometry": {"type": "Polygon", "coordinates": [[[76.94657050372099, 8.495529005844489], [76.94645646063738, 8.495567205674647], [76.94641898098128, 8.495457732045736], [76.9465330171151, 8.495419534532587], [76.94657050372099, 8.495529005844489]]]}}, {"type": "Feature", "properties": {"building_local_id": "MSB-0068", "source": "microsoft-global-ml-building-footprints"}, "geometry": {"type": "Polygon", "coordinates": [[[76.94722133932945, 8.498003720762782], [76.947170621345, 8.498007199885237], [76.94715969782494, 8.497851436276733], [76.9472104158094, 8.497847957152842], [76.94722133932945, 8.498003720762782]]]}}, {"type": "Feature", "properties": {"building_local_id": "MSB-0069", "source": "microsoft-global-ml-building-footprints"}, "geometry": {"type": "Polygon", "coordinates": [[[76.94738278242785, 8.498309760503318], [76.94741080065087, 8.49845399686906], [76.94732802518902, 8.49846972501463], [76.94729125005526, 8.498280408520984], [76.9474400749296, 8.498252130328055], [76.94744882961993, 8.49829721545889], [76.94738278242785, 8.498309760503318]]]}}, {"type": "Feature", "properties": {"building_local_id": "MSB-0070", "source": "microsoft-global-ml-building-footprints"}, "geometry": {"type": "Polygon", "coordinates": [[[76.94783232728899, 8.493587883491927], [76.94795426461314, 8.493574758285618], [76.94795379269017, 8.493570469615008], [76.94808368147073, 8.493556479530525], [76.94811069588033, 8.493801976956803], [76.9478747736662, 8.49382737136223], [76.94785717549185, 8.493667445389207], [76.9478412706235, 8.493669157372253], [76.94783232728899, 8.493587883491927]]]}}, {"type": "Feature", "properties": {"building_local_id": "MSB-0071", "source": "microsoft-global-ml-building-footprints"}, "geometry": {"type": "Polygon", "coordinates": [[[76.94536283612251, 8.497204307856904], [76.9452890753746, 8.497277258931632], [76.94523677229881, 8.497225529989166], [76.94531053304672, 8.497152578904604], [76.94536283612251, 8.497204307856904]]]}}, {"type": "Feature", "properties": {"building_local_id": "MSB-0072", "source": "microsoft-global-ml-building-footprints"}, "geometry": {"type": "Polygon", "coordinates": [[[76.94404678678656, 8.494601606301742], [76.94408776067809, 8.494712954865363], [76.94395275654873, 8.4947615494833], [76.94391178569374, 8.494650209185664], [76.94404678678656, 8.494601606301742]]]}}, {"type": "Feature", "properties": {"building_local_id": "MSB-0073", "source": "microsoft-global-ml-building-footprints"}, "geometry": {"type": "Polygon", "coordinates": [[[76.94447270408884, 8.494386767591138], [76.94456548268415, 8.494347270864552], [76.94461755369778, 8.494466898450113], [76.9445375237342, 8.49450097349279], [76.94454682261107, 8.494522340135845], [76.94447976786763, 8.494550885962497], [76.94443734821688, 8.494453431375277], [76.94440793136125, 8.494465956442497], [76.94437870677058, 8.494398816075005], [76.94446243166736, 8.494363167799406], [76.94447270408884, 8.494386767591138]]]}}, {"type": "Feature", "properties": {"building_local_id": "MSB-0074", "source": "microsoft-global-ml-building-footprints"}, "geometry": {"type": "Polygon", "coordinates": [[[76.94461689250899, 8.493029062194594], [76.94477236892949, 8.49302532768381], [76.94477555892928, 8.493155238018488], [76.94459327622938, 8.493159616408946], [76.94459125806627, 8.493077428244106], [76.94461806434566, 8.493076784363012], [76.94461689250899, 8.493029062194594]]]}}, {"type": "Feature", "properties": {"building_local_id": "MSB-0075", "source": "microsoft-global-ml-building-footprints"}, "geometry": {"type": "Polygon", "coordinates": [[[76.94576885641327, 8.494516700273195], [76.94576440935258, 8.494561364501962], [76.94570596747549, 8.494555672615434], [76.94571041453612, 8.494511008386013], [76.94566791135279, 8.494506868831678], [76.94567183522982, 8.494467459212728], [76.94571168196424, 8.49447134004535], [76.94572711588063, 8.494316328839844], [76.94584134318589, 8.494327453897597], [76.94582198539244, 8.494521874716028], [76.94576885641327, 8.494516700273195]]]}}, {"type": "Feature", "properties": {"building_local_id": "MSB-0076", "source": "microsoft-global-ml-building-footprints"}, "geometry": {"type": "Polygon", "coordinates": [[[76.94736457833862, 8.493613367848454], [76.94728198557699, 8.493620068370547], [76.94727630346469, 8.493551556762242], [76.94735889622632, 8.493544856238927], [76.94736457833862, 8.493613367848454]]]}}, {"type": "Feature", "properties": {"building_local_id": "MSB-0077", "source": "microsoft-global-ml-building-footprints"}, "geometry": {"type": "Polygon", "coordinates": [[[76.94308740715627, 8.493857362947239], [76.94316101121524, 8.493821774669826], [76.94321075234836, 8.493922405464517], [76.9431371482894, 8.493957993732565], [76.94308740715627, 8.493857362947239]]]}}, {"type": "Feature", "properties": {"building_local_id": "MSB-0078", "source": "microsoft-global-ml-building-footprints"}, "geometry": {"type": "Polygon", "coordinates": [[[76.94336598609007, 8.494339918704796], [76.94340821324089, 8.49425235843772], [76.94345847035827, 8.494276066810443], [76.94341624184067, 8.494363629906132], [76.94336598609007, 8.494339918704796]]]}}, {"type": "Feature", "properties": {"building_local_id": "MSB-0079", "source": "microsoft-global-ml-building-footprints"}, "geometry": {"type": "Polygon", "coordinates": [[[76.94569120114345, 8.493832887049564], [76.94566171949069, 8.493833695188087], [76.945663979438, 8.493914341546756], [76.94561037653688, 8.493915814596846], [76.94560469951918, 8.493713229840225], [76.94568778417698, 8.493710952358214], [76.94569120114345, 8.493832887049564]]]}}, {"type": "Feature", "properties": {"building_local_id": "MSB-0080", "source": "microsoft-global-ml-building-footprints"}, "geometry": {"type": "Polygon", "coordinates": [[[76.94330998361137, 8.498839480519479], [76.9433440355896, 8.49899395623757], [76.94322493705361, 8.49901963637923], [76.9432173918261, 8.4989854186867], [76.94318030231007, 8.498993418531768], [76.94315379270748, 8.49887315856661], [76.94330998361137, 8.498839480519479]]]}}, {"type": "Feature", "properties": {"building_local_id": "MSB-0081", "source": "microsoft-global-ml-building-footprints"}, "geometry": {"type": "Polygon", "coordinates": [[[76.9437721721341, 8.498097898035553], [76.9435933202771, 8.498127412415158], [76.94358112372342, 8.498055147814142], [76.94360862614352, 8.498050609326228], [76.94359425749764, 8.49796543934606], [76.94354206632102, 8.497974052009084], [76.94352987474268, 8.497901786558131], [76.94356901812517, 8.497895327059695], [76.94355377865224, 8.497804995225366], [76.94351463526975, 8.497811454725337], [76.94350244369144, 8.497739189243788], [76.94365379810368, 8.49771421250523], [76.94370648313863, 8.49802650254459], [76.94375867431525, 8.498017889882775], [76.9437721721341, 8.498097898035553]]]}}, {"type": "Feature", "properties": {"building_local_id": "MSB-0082", "source": "microsoft-global-ml-building-footprints"}, "geometry": {"type": "Polygon", "coordinates": [[[76.94579751726675, 8.497698810404671], [76.94572293175966, 8.497747656053647], [76.94574392159237, 8.49777900689267], [76.94570476420117, 8.497804650853794], [76.94562574365438, 8.497686624160337], [76.94573948655272, 8.49761213453128], [76.94579751726675, 8.497698810404671]]]}}, {"type": "Feature", "properties": {"building_local_id": "MSB-0083", "source": "microsoft-global-ml-building-footprints"}, "geometry": {"type": "Polygon", "coordinates": [[[76.94309639286425, 8.494278165392643], [76.94303480803953, 8.494213538047632], [76.94318203699052, 8.494076311536517], [76.94320211820872, 8.494097386415689], [76.94318507131999, 8.494113275174598], [76.94322657250432, 8.49415682991939], [76.94309639286425, 8.494278165392643]]]}}, {"type": "Feature", "properties": {"building_local_id": "MSB-0084", "source": "microsoft-global-ml-building-footprints"}, "geometry": {"type": "Polygon", "coordinates": [[[76.94421860715646, 8.493327702322063], [76.9442587715732, 8.493329345438411], [76.94425589192393, 8.493398200255001], [76.94421572750717, 8.493396557138965], [76.94421860715646, 8.493327702322063]]]}}, {"type": "Feature", "properties": {"building_local_id": "MSB-0085", "source": "microsoft-global-ml-building-footprints"}, "geometry": {"type": "Polygon", "coordinates": [[[76.94423627632574, 8.498376893123805], [76.94434088692701, 8.49835086832141], [76.94435738480618, 8.498415735734127], [76.94425276988758, 8.49844176160616], [76.94423627632574, 8.498376893123805]]]}}, {"type": "Feature", "properties": {"building_local_id": "MSB-0086", "source": "microsoft-global-ml-building-footprints"}, "geometry": {"type": "Polygon", "coordinates": [[[76.94530372610747, 8.49685998148145], [76.94540036329971, 8.496903301286281], [76.94535196050495, 8.497008936523628], [76.94525531711133, 8.496965613950849], [76.94530372610747, 8.49685998148145]]]}}, {"type": "Feature", "properties": {"building_local_id": "MSB-0087", "source": "microsoft-global-ml-building-footprints"}, "geometry": {"type": "Polygon", "coordinates": [[[76.94554892384917, 8.496475575793454], [76.94557844513712, 8.496511007326177], [76.94560467372898, 8.49648962909987], [76.94565808777692, 8.496553731341209], [76.94558233459495, 8.49661547048403], [76.94549940286163, 8.496515935603455], [76.94554892384917, 8.496475575793454]]]}}, {"type": "Feature", "properties": {"building_local_id": "MSB-0088", "source": "microsoft-global-ml-building-footprints"}, "geometry": {"type": "Polygon", "coordinates": [[[76.94578380416861, 8.495569625182682], [76.94593608330871, 8.495533722912313], [76.94595907367888, 8.495629108118663], [76.94603013727756, 8.495612353728845], [76.94604793298524, 8.495686186682946], [76.94599209818197, 8.495699354501], [76.94601241720659, 8.495783656473165], [76.94594389159357, 8.495799812484705], [76.9459463116325, 8.495809853026913], [76.94609097681561, 8.495775745891493], [76.94610065697145, 8.49581590806119], [76.94598137164508, 8.495844031485916], [76.94601525219056, 8.495984599036447], [76.94594775873762, 8.496000511691378], [76.94591386877981, 8.49585994636577], [76.94589000416101, 8.495865572831121], [76.94585551860577, 8.495722495100878], [76.94582252479208, 8.495730273922604], [76.94578380416861, 8.495569625182682]]]}}, {"type": "Feature", "properties": {"building_local_id": "MSB-0089", "source": "microsoft-global-ml-building-footprints"}, "geometry": {"type": "Polygon", "coordinates": [[[76.94598329013472, 8.494261251651523], [76.945979824526, 8.494159010609238], [76.94613885587461, 8.494153726614059], [76.94614214907092, 8.494250678808726], [76.94616797514888, 8.494249822496187], [76.94617120863768, 8.494345215605307], [76.94607743671253, 8.49434832479028], [76.94607438286201, 8.49425823129971], [76.94598329013472, 8.494261251651523]]]}}, {"type": "Feature", "properties": {"building_local_id": "MSB-0090", "source": "microsoft-global-ml-building-footprints"}, "geometry": {"type": "Polygon", "coordinates": [[[76.94606297671658, 8.497808770157008], [76.94612430599895, 8.497813427184553], [76.9461177547333, 8.497897818102686], [76.94605642545088, 8.497893161076192], [76.94606297671658, 8.497808770157008]]]}}, {"type": "Feature", "properties": {"building_local_id": "MSB-0091", "source": "microsoft-global-ml-building-footprints"}, "geometry": {"type": "Polygon", "coordinates": [[[76.94615271579346, 8.493456960511168], [76.94626689556942, 8.493358393917788], [76.94633200649079, 8.493432173253382], [76.9462178267148, 8.493530739827776], [76.94615271579346, 8.493456960511168]]]}}, {"type": "Feature", "properties": {"building_local_id": "MSB-0092", "source": "microsoft-global-ml-building-footprints"}, "geometry": {"type": "Polygon", "coordinates": [[[76.9462784901043, 8.493846320784101], [76.94632743636707, 8.493839263337577], [76.94633509781546, 8.493891214445384], [76.9462861479529, 8.493898272409993], [76.9462784901043, 8.493846320784101]]]}}, {"type": "Feature", "properties": {"building_local_id": "MSB-0093", "source": "microsoft-global-ml-building-footprints"}, "geometry": {"type": "Polygon", "coordinates": [[[76.94476409815654, 8.493381253494192], [76.9447631316406, 8.493418367974556], [76.94467467742056, 8.493416114743908], [76.94467564393652, 8.493379000263332], [76.94476409815654, 8.493381253494192]]]}}, {"type": "Feature", "properties": {"building_local_id": "MSB-0094", "source": "microsoft-global-ml-building-footprints"}, "geometry": {"type": "Polygon", "coordinates": [[[76.94513011098012, 8.495175227683418], [76.94512786108017, 8.495258895748492], [76.9450045669051, 8.495255644091543], [76.94500841628384, 8.495112495460603], [76.94508882552846, 8.495114616107216], [76.9450872259699, 8.49517409963849], [76.94513011098012, 8.495175227683418]]]}}, {"type": "Feature", "properties": {"building_local_id": "MSB-0095", "source": "microsoft-global-ml-building-footprints"}, "geometry": {"type": "Polygon", "coordinates": [[[76.94551858878975, 8.496891256765565], [76.94544500316209, 8.49682588497096], [76.94552824508445, 8.496734229496013], [76.94560183174124, 8.496799607314216], [76.94551858878975, 8.496891256765565]]]}}, {"type": "Feature", "properties": {"building_local_id": "MSB-0096", "source": "microsoft-global-ml-building-footprints"}, "geometry": {"type": "Polygon", "coordinates": [[[76.94719080717584, 8.497634950614511], [76.94726537862789, 8.497628730560663], [76.94727189233419, 8.497705117386943], [76.94719732088214, 8.497711337439569], [76.94719080717584, 8.497634950614511]]]}}, {"type": "Feature", "properties": {"building_local_id": "MSB-0097", "source": "microsoft-global-ml-building-footprints"}, "geometry": {"type": "Polygon", "coordinates": [[[76.94851912361659, 8.493781197866923], [76.94851216911535, 8.493723659186685], [76.94859678986363, 8.493713648638675], [76.94861397581582, 8.493855838119813], [76.94849497690697, 8.493869907326541], [76.94848474643761, 8.493785264651365], [76.94851912361659, 8.493781197866923]]]}}, {"type": "Feature", "properties": {"building_local_id": "MSB-0098", "source": "microsoft-global-ml-building-footprints"}, "geometry": {"type": "Polygon", "coordinates": [[[76.94363789234333, 8.49537760790004], [76.9436760677337, 8.495445379901923], [76.94362080127877, 8.495475831608232], [76.94358262424389, 8.495408056692142], [76.94363789234333, 8.49537760790004]]]}}, {"type": "Feature", "properties": {"building_local_id": "MSB-0099", "source": "microsoft-global-ml-building-footprints"}, "geometry": {"type": "Polygon", "coordinates": [[[76.94322950037326, 8.494147524787621], [76.94330319208738, 8.494177105606639], [76.94326393666651, 8.494272765032107], [76.94319024495235, 8.494243184220494], [76.94322950037326, 8.494147524787621]]]}}, {"type": "Feature", "properties": {"building_local_id": "MSB-0100", "source": "microsoft-global-ml-building-footprints"}, "geometry": {"type": "Polygon", "coordinates": [[[76.94376832705812, 8.498609696679537], [76.9439152565884, 8.498553402934988], [76.94395229894269, 8.498647973773544], [76.94380536941243, 8.498704267504223], [76.94376832705812, 8.498609696679537]]]}}, {"type": "Feature", "properties": {"building_local_id": "MSB-0101", "source": "microsoft-global-ml-building-footprints"}, "geometry": {"type": "Polygon", "coordinates": [[[76.94415709055124, 8.495528379561833], [76.94406596232004, 8.495622027532093], [76.94400469429748, 8.495563709218985], [76.94409582252862, 8.495470061234471], [76.94415709055124, 8.495528379561833]]]}}, {"type": "Feature", "properties": {"building_local_id": "MSB-0102", "source": "microsoft-global-ml-building-footprints"}, "geometry": {"type": "Polygon", "coordinates": [[[76.94485727898237, 8.495982376087909], [76.94491977080564, 8.495993099576225], [76.94490666948617, 8.496067781879844], [76.94484417766286, 8.496057058393632], [76.94485727898237, 8.495982376087909]]]}}, {"type": "Feature", "properties": {"building_local_id": "MSB-0103", "source": "microsoft-global-ml-building-footprints"}, "geometry": {"type": "Polygon", "coordinates": [[[76.9462902944574, 8.496820385393676], [76.94637713284992, 8.496816923053956], [76.9463803277197, 8.496895303718077], [76.94629348354532, 8.496898760276224], [76.9462902944574, 8.496820385393676]]]}}, {"type": "Feature", "properties": {"building_local_id": "MSB-0104", "source": "microsoft-global-ml-building-footprints"}, "geometry": {"type": "Polygon", "coordinates": [[[76.94802229013145, 8.495809555350519], [76.94769859285773, 8.495834269809137], [76.94769399231171, 8.495775275891518], [76.9476273336173, 8.495780360704657], [76.94762884980013, 8.495799803085674], [76.94751153112752, 8.495808760429], [76.94750322789274, 8.495702286021938], [76.94770053762817, 8.495687234971882], [76.94768984387169, 8.495550106272262], [76.94784554388556, 8.495538229262635], [76.94784644276342, 8.495549745348768], [76.94791471478621, 8.495544532739856], [76.94791114364575, 8.495498739105571], [76.94797513599238, 8.49549385768141], [76.94798089416895, 8.495567696228889], [76.9479126234089, 8.495572904015319], [76.94791969693351, 8.495663527345414], [76.94801035178453, 8.495656605796484], [76.94802229013145, 8.495809555350519]]]}}, {"type": "Feature", "properties": {"building_local_id": "MSB-0105", "source": "microsoft-global-ml-building-footprints"}, "geometry": {"type": "Polygon", "coordinates": [[[76.94351517675162, 8.495305860999807], [76.94358836959499, 8.495371335027556], [76.94350099441226, 8.495466879296046], [76.94340214480705, 8.49537846109476], [76.94344548915592, 8.495331064286333], [76.94347114435017, 8.495354013919211], [76.94351517675162, 8.495305860999807]]]}}, {"type": "Feature", "properties": {"building_local_id": "MSB-0106", "source": "microsoft-global-ml-building-footprints"}, "geometry": {"type": "Polygon", "coordinates": [[[76.94514741083786, 8.493818031777792], [76.94531086229539, 8.493869014001305], [76.94530316862209, 8.493893142160061], [76.94537879541588, 8.493916730946268], [76.94527646956097, 8.4942376352936], [76.94517400745325, 8.49420567631931], [76.94521709202377, 8.494070558720836], [76.94519025670984, 8.4940621885099], [76.94523675349049, 8.493916369816432], [76.94512697486466, 8.493882121117892], [76.94514741083786, 8.493818031777792]]]}}, {"type": "Feature", "properties": {"building_local_id": "MSB-0107", "source": "microsoft-global-ml-building-footprints"}, "geometry": {"type": "Polygon", "coordinates": [[[76.94522914692097, 8.497670827577878], [76.94534885264558, 8.497638288121465], [76.94537459667468, 8.497730950521486], [76.94525488880963, 8.497763482265668], [76.94522914692097, 8.497670827577878]]]}}, {"type": "Feature", "properties": {"building_local_id": "MSB-0108", "source": "microsoft-global-ml-building-footprints"}, "geometry": {"type": "Polygon", "coordinates": [[[76.94851194751065, 8.498514767758039], [76.9485170216121, 8.498614354832284], [76.94853574951853, 8.498613421459552], [76.94854267444785, 8.498749333846234], [76.94829525242925, 8.498761647883455], [76.94829161733682, 8.498690204385582], [76.94835047688522, 8.4986872749826], [76.94834455303089, 8.498570848512188], [76.948399331009, 8.498568122245572], [76.94839690425209, 8.498520493391737], [76.94851194751065, 8.498514767758039]]]}}, {"type": "Feature", "properties": {"building_local_id": "MSB-0109", "source": "microsoft-global-ml-building-footprints"}, "geometry": {"type": "Polygon", "coordinates": [[[76.94299796372061, 8.494960314764015], [76.94303014854613, 8.49491786454378], [76.94309882232432, 8.494968795300167], [76.94306663749879, 8.49501124551476], [76.94299796372061, 8.494960314764015]]]}}, {"type": "Feature", "properties": {"building_local_id": "MSB-0110", "source": "microsoft-global-ml-building-footprints"}, "geometry": {"type": "Polygon", "coordinates": [[[76.94408332722831, 8.495634155429144], [76.94415818140058, 8.495553850171618], [76.94421472875766, 8.495605408740715], [76.94413987458543, 8.495685713987456], [76.94408332722831, 8.495634155429144]]]}}, {"type": "Feature", "properties": {"building_local_id": "MSB-0111", "source": "microsoft-global-ml-building-footprints"}, "geometry": {"type": "Polygon", "coordinates": [[[76.94562937650896, 8.49429176837667], [76.9454473664668, 8.494283541275905], [76.94545135077377, 8.4941973187331], [76.94563336139686, 8.494205533263013], [76.94562937650896, 8.49429176837667]]]}}, {"type": "Feature", "properties": {"building_local_id": "MSB-0112", "source": "microsoft-global-ml-building-footprints"}, "geometry": {"type": "Polygon", "coordinates": [[[76.94682658289781, 8.494959298045544], [76.94685138179727, 8.495062217065097], [76.94676762562608, 8.495081958164207], [76.94674282672666, 8.494979039149953], [76.94682658289781, 8.494959298045544]]]}}, {"type": "Feature", "properties": {"building_local_id": "MSB-0113", "source": "microsoft-global-ml-building-footprints"}, "geometry": {"type": "Polygon", "coordinates": [[[76.94315943654564, 8.497989178299846], [76.94315037853178, 8.498021154315524], [76.94309815156866, 8.498006682786198], [76.94310720958248, 8.497974706769327], [76.94315943654564, 8.497989178299846]]]}}, {"type": "Feature", "properties": {"building_local_id": "MSB-0114", "source": "microsoft-global-ml-building-footprints"}, "geometry": {"type": "Polygon", "coordinates": [[[76.94445373083059, 8.495599709972154], [76.94457659941226, 8.495527459436957], [76.9446208364997, 8.495601055399732], [76.94449796414072, 8.495673299636906], [76.94445373083059, 8.495599709972154]]]}}, {"type": "Feature", "properties": {"building_local_id": "MSB-0115", "source": "microsoft-global-ml-building-footprints"}, "geometry": {"type": "Polygon", "coordinates": [[[76.94461123551645, 8.494324190493813], [76.94464014695777, 8.494304289758972], [76.9446854202352, 8.49436862692582], [76.94465650879388, 8.494388527657321], [76.94461123551645, 8.494324190493813]]]}}, {"type": "Feature", "properties": {"building_local_id": "MSB-0116", "source": "microsoft-global-ml-building-footprints"}, "geometry": {"type": "Polygon", "coordinates": [[[76.94558019881197, 8.496672466038703], [76.94562195892749, 8.496653078369832], [76.94565600593099, 8.496724813028806], [76.94561424581542, 8.496744200694039], [76.94558019881197, 8.496672466038703]]]}}, {"type": "Feature", "properties": {"building_local_id": "MSB-0117", "source": "microsoft-global-ml-building-footprints"}, "geometry": {"type": "Polygon", "coordinates": [[[76.9458734739925, 8.497388820197472], [76.94596320491999, 8.497482337527671], [76.94589342097034, 8.497547833989174], [76.94580369352502, 8.497454313406749], [76.9458734739925, 8.497388820197472]]]}}, {"type": "Feature", "properties": {"building_local_id": "MSB-0118", "source": "microsoft-global-ml-building-footprints"}, "geometry": {"type": "Polygon", "coordinates": [[[76.94332703696342, 8.496838006215754], [76.94324393471459, 8.4968399447705], [76.94324143802041, 8.496735252702194], [76.94332454040638, 8.496733319896123], [76.94332703696342, 8.496838006215754]]]}}, {"type": "Feature", "properties": {"building_local_id": "MSB-0119", "source": "microsoft-global-ml-building-footprints"}, "geometry": {"type": "Polygon", "coordinates": [[[76.94559655944042, 8.497586599147738], [76.94570494940845, 8.497522187564556], [76.94574807707772, 8.497593176907202], [76.94563969045865, 8.49765759399088], [76.94559655944042, 8.497586599147738]]]}}, {"type": "Feature", "properties": {"building_local_id": "MSB-0120", "source": "microsoft-global-ml-building-footprints"}, "geometry": {"type": "Polygon", "coordinates": [[[76.94697968748926, 8.497499623096047], [76.94691519240708, 8.49750785987888], [76.94691042555024, 8.497471329957875], [76.9469749180898, 8.497463093499022], [76.94697968748926, 8.497499623096047]]]}}, {"type": "Feature", "properties": {"building_local_id": "MSB-0121", "source": "microsoft-global-ml-building-footprints"}, "geometry": {"type": "Polygon", "coordinates": [[[76.94845139980316, 8.494921595399319], [76.94850236177444, 8.494921595399319], [76.94850236177444, 8.494950776004544], [76.94845139980316, 8.494950776004544], [76.94845139980316, 8.494921595399319]]]}}, {"type": "Feature", "properties": {"building_local_id": "MSB-0122", "source": "microsoft-global-ml-building-footprints"}, "geometry": {"type": "Polygon", "coordinates": [[[76.94540505037605, 8.495286669240699], [76.94531123228927, 8.495289000648086], [76.94530759535635, 8.49514584088817], [76.9454014134431, 8.495143509479902], [76.94540505037605, 8.495286669240699]]]}}, {"type": "Feature", "properties": {"building_local_id": "MSB-0123", "source": "microsoft-global-ml-building-footprints"}, "geometry": {"type": "Polygon", "coordinates": [[[76.94682761936025, 8.49763122723833], [76.94693753951283, 8.497628898968827], [76.94694052521712, 8.497766779413226], [76.94683060506453, 8.497769107681904], [76.94682761936025, 8.49763122723833]]]}}, {"type": "Feature", "properties": {"building_local_id": "MSB-0124", "source": "microsoft-global-ml-building-footprints"}, "geometry": {"type": "Polygon", "coordinates": [[[76.94754049035373, 8.497323973049944], [76.94760862256473, 8.49732129899462], [76.94761121731865, 8.497385853348632], [76.94754308073556, 8.497388532291566], [76.94754049035373, 8.497323973049944]]]}}, {"type": "Feature", "properties": {"building_local_id": "MSB-0125", "source": "microsoft-global-ml-building-footprints"}, "geometry": {"type": "Polygon", "coordinates": [[[76.94776079391305, 8.493123323008732], [76.94793226418031, 8.493117661309299], [76.94793244307017, 8.493122960992295], [76.94818696924816, 8.493114556907187], [76.9481898889075, 8.493201052952088], [76.94776389146801, 8.493215089278124], [76.94776079391305, 8.493123323008732]]]}}, {"type": "Feature", "properties": {"building_local_id": "MSB-0126", "source": "microsoft-global-ml-building-footprints"}, "geometry": {"type": "Polygon", "coordinates": [[[76.94618197797074, 8.494020059763926], [76.94612576070486, 8.494022507468244], [76.94611943532445, 8.493880625355189], [76.94617565241718, 8.49387817376612], [76.94618197797074, 8.494020059763926]]]}}, {"type": "Feature", "properties": {"building_local_id": "MSB-0127", "source": "microsoft-global-ml-building-footprints"}, "geometry": {"type": "Polygon", "coordinates": [[[76.94729289800175, 8.495452401707638], [76.94715128975342, 8.495461115902629], [76.9471461945468, 8.495380215314412], [76.94728780218014, 8.495371491353225], [76.94729289800175, 8.495452401707638]]]}}, {"type": "Feature", "properties": {"building_local_id": "MSB-0128", "source": "microsoft-global-ml-building-footprints"}, "geometry": {"type": "Polygon", "coordinates": [[[76.9473689124739, 8.49574777337763], [76.94737456588277, 8.495816289270351], [76.94726106520004, 8.495825450073966], [76.94727346977089, 8.495975657093922], [76.94717113827005, 8.495983916413365], [76.94715447920609, 8.495782018696616], [76.94724240603566, 8.495774915908356], [76.94724101817795, 8.495758095912336], [76.9473689124739, 8.49574777337763]]]}}, {"type": "Feature", "properties": {"building_local_id": "MSB-0129", "source": "microsoft-global-ml-building-footprints"}, "geometry": {"type": "Polygon", "coordinates": [[[76.94875503357373, 8.494783120940511], [76.94876365579606, 8.494861779929934], [76.94869472848528, 8.494869170541605], [76.94869530330013, 8.494874414473543], [76.94857600603146, 8.494887205916314], [76.94856221047571, 8.494761351533839], [76.94865499724023, 8.494751402630712], [76.9486595957588, 8.494793354097183], [76.94875503357373, 8.494783120940511]]]}}, {"type": "Feature", "properties": {"building_local_id": "MSB-0130", "source": "microsoft-global-ml-building-footprints"}, "geometry": {"type": "Polygon", "coordinates": [[[76.94333100859828, 8.494582472800147], [76.94329225964627, 8.494632972792118], [76.94323035880167, 8.494586512284243], [76.94326911002126, 8.494536013988139], [76.94333100859828, 8.494582472800147]]]}}, {"type": "Feature", "properties": {"building_local_id": "MSB-0131", "source": "microsoft-global-ml-building-footprints"}, "geometry": {"type": "Polygon", "coordinates": [[[76.94403723329937, 8.49737261648194], [76.94396521036255, 8.497451727808325], [76.94387633324361, 8.497372580799635], [76.94394835618046, 8.497293469456935], [76.94403723329937, 8.49737261648194]]]}}, {"type": "Feature", "properties": {"building_local_id": "MSB-0132", "source": "microsoft-global-ml-building-footprints"}, "geometry": {"type": "Polygon", "coordinates": [[[76.94502045488387, 8.496890351299541], [76.94504272230894, 8.496837314916078], [76.94501755778914, 8.496826978461684], [76.94504278821222, 8.49676688482161], [76.94513560661873, 8.496805004033476], [76.94516696011682, 8.496730339076379], [76.94524474135974, 8.496762282740306], [76.9451763337275, 8.496925188068943], [76.9451132631993, 8.496899285900128], [76.94510281353548, 8.49692417482676], [76.94502045488387, 8.496890351299541]]]}}, {"type": "Feature", "properties": {"building_local_id": "MSB-0133", "source": "microsoft-global-ml-building-footprints"}, "geometry": {"type": "Polygon", "coordinates": [[[76.9455970166227, 8.498303879842652], [76.94549426023279, 8.498339436890149], [76.9454712084192, 8.498274274263963], [76.94557396256737, 8.498238710873466], [76.9455970166227, 8.498303879842652]]]}}, {"type": "Feature", "properties": {"building_local_id": "MSB-0134", "source": "microsoft-global-ml-building-footprints"}, "geometry": {"type": "Polygon", "coordinates": [[[76.94586820599798, 8.497749712710956], [76.94591833488518, 8.497854751012511], [76.94586349839567, 8.497880353716212], [76.94581336802702, 8.49777531231743], [76.94586820599798, 8.497749712710956]]]}}, {"type": "Feature", "properties": {"building_local_id": "MSB-0135", "source": "microsoft-global-ml-building-footprints"}, "geometry": {"type": "Polygon", "coordinates": [[[76.94333156717175, 8.495253385327402], [76.94325249535413, 8.495334437279041], [76.9431858232571, 8.495270808875517], [76.9432648950747, 8.495189756910435], [76.94333156717175, 8.495253385327402]]]}}, {"type": "Feature", "properties": {"building_local_id": "MSB-0136", "source": "microsoft-global-ml-building-footprints"}, "geometry": {"type": "Polygon", "coordinates": [[[76.94368327500544, 8.49356465127596], [76.94368967489655, 8.493702305367336], [76.94359064255734, 8.493706809190712], [76.9435842426662, 8.493569155100971], [76.94368327500544, 8.49356465127596]]]}}, {"type": "Feature", "properties": {"building_local_id": "MSB-0137", "source": "microsoft-global-ml-building-footprints"}, "geometry": {"type": "Polygon", "coordinates": [[[76.9446765370734, 8.498423644041722], [76.94468163856516, 8.498470854108007], [76.94460863724173, 8.498478575358291], [76.94461969763053, 8.498580863056304], [76.94453218558915, 8.498590119082749], [76.94451787689344, 8.498457790681755], [76.94456966485677, 8.49845231672407], [76.94456780918706, 8.498435144043157], [76.9446765370734, 8.498423644041722]]]}}, {"type": "Feature", "properties": {"building_local_id": "MSB-0138", "source": "microsoft-global-ml-building-footprints"}, "geometry": {"type": "Polygon", "coordinates": [[[76.94552541822597, 8.493670160418532], [76.94558161973897, 8.493672778613899], [76.9455791486215, 8.493724588820982], [76.94552294729367, 8.493721966744232], [76.94552541822597, 8.493670160418532]]]}}, {"type": "Feature", "properties": {"building_local_id": "MSB-0139", "source": "microsoft-global-ml-building-footprints"}, "geometry": {"type": "Polygon", "coordinates": [[[76.94602389091426, 8.497592070968722], [76.94607392281337, 8.49760229096492], [76.9460678607211, 8.497631329715489], [76.94610902144113, 8.49763973474947], [76.94608724447318, 8.497744051177918], [76.94599604210936, 8.497725427626932], [76.94602389091426, 8.497592070968722]]]}}, {"type": "Feature", "properties": {"building_local_id": "MSB-0140", "source": "microsoft-global-ml-building-footprints"}, "geometry": {"type": "Polygon", "coordinates": [[[76.94678789158834, 8.494366834793269], [76.94679063759888, 8.494475531154137], [76.94669681885443, 8.494477849594347], [76.9466940728439, 8.494369153234146], [76.94678789158834, 8.494366834793269]]]}}, {"type": "Feature", "properties": {"building_local_id": "MSB-0141", "source": "microsoft-global-ml-building-footprints"}, "geometry": {"type": "Polygon", "coordinates": [[[76.94697187953459, 8.49591680806391], [76.94697442593052, 8.495984067223219], [76.94690637628624, 8.495986587312956], [76.94690383446553, 8.495919323274492], [76.94697187953459, 8.49591680806391]]]}}, {"type": "Feature", "properties": {"building_local_id": "MSB-0142", "source": "microsoft-global-ml-building-footprints"}, "geometry": {"type": "Polygon", "coordinates": [[[76.94752789646792, 8.494893543389182], [76.94753007796263, 8.494946511152293], [76.94740957849166, 8.494951365665202], [76.94740739699695, 8.494898397902773], [76.94752789646792, 8.494893543389182]]]}}, {"type": "Feature", "properties": {"building_local_id": "MSB-0143", "source": "microsoft-global-ml-building-footprints"}, "geometry": {"type": "Polygon", "coordinates": [[[76.94876842379773, 8.494442736215134], [76.94871918156737, 8.494441802259203], [76.94872058882399, 8.49436922446317], [76.9487698259861, 8.494370154914918], [76.94876842379773, 8.494442736215134]]]}}, {"type": "Feature", "properties": {"building_local_id": "MSB-0144", "source": "microsoft-global-ml-building-footprints"}, "geometry": {"type": "Polygon", "coordinates": [[[76.94308545650415, 8.494381261083404], [76.94300431915055, 8.494472505183765], [76.94292966026208, 8.494407564525346], [76.94301080125636, 8.494316323576314], [76.94308545650415, 8.494381261083404]]]}}, {"type": "Feature", "properties": {"building_local_id": "MSB-0145", "source": "microsoft-global-ml-building-footprints"}, "geometry": {"type": "Polygon", "coordinates": [[[76.94316773571995, 8.49300772250831], [76.94316647217444, 8.493103206783204], [76.94300288544584, 8.493101089254523], [76.94300414899135, 8.493005604979103], [76.94316773571995, 8.49300772250831]]]}}, {"type": "Feature", "properties": {"building_local_id": "MSB-0146", "source": "microsoft-global-ml-building-footprints"}, "geometry": {"type": "Polygon", "coordinates": [[[76.94342622192787, 8.496030541478504], [76.9433571377516, 8.4960455523602], [76.94333716724479, 8.495955677409128], [76.94340625040742, 8.495940661962138], [76.94342622192787, 8.496030541478504]]]}}, {"type": "Feature", "properties": {"building_local_id": "MSB-0147", "source": "microsoft-global-ml-building-footprints"}, "geometry": {"type": "Polygon", "coordinates": [[[76.94409105293563, 8.494968731770442], [76.94390927295208, 8.495051099961415], [76.94387724572366, 8.494981971425489], [76.94405902088914, 8.49489959282019], [76.94409105293563, 8.494968731770442]]]}}, {"type": "Feature", "properties": {"building_local_id": "MSB-0148", "source": "microsoft-global-ml-building-footprints"}, "geometry": {"type": "Polygon", "coordinates": [[[76.94539270495513, 8.494539034685133], [76.94546662671664, 8.49454276493421], [76.94545842575764, 8.494701518164376], [76.94538451520113, 8.494697788482256], [76.94539270495513, 8.494539034685133]]]}}, {"type": "Feature", "properties": {"building_local_id": "MSB-0149", "source": "microsoft-global-ml-building-footprints"}, "geometry": {"type": "Polygon", "coordinates": [[[76.94675256221619, 8.498045530711394], [76.94670713292399, 8.498056785353583], [76.9466970177419, 8.498016847112964], [76.9467424470341, 8.49800559246961], [76.94675256221619, 8.498045530711394]]]}}, {"type": "Feature", "properties": {"building_local_id": "MSB-0150", "source": "microsoft-global-ml-building-footprints"}, "geometry": {"type": "Polygon", "coordinates": [[[76.94761794856102, 8.498037800514538], [76.94755856230131, 8.49806374339397], [76.94748161225266, 8.49789144242952], [76.94754098677404, 8.4978655005564], [76.94761794856102, 8.498037800514538]]]}}, {"type": "Feature", "properties": {"building_local_id": "MSB-0151", "source": "microsoft-global-ml-building-footprints"}, "geometry": {"type": "Polygon", "coordinates": [[[76.94318970969682, 8.493940813571982], [76.94324533915746, 8.493977576528323], [76.94321684164767, 8.494019757976332], [76.943161212187, 8.493982995024012], [76.94318970969682, 8.493940813571982]]]}}, {"type": "Feature", "properties": {"building_local_id": "MSB-0152", "source": "microsoft-global-ml-building-footprints"}, "geometry": {"type": "Polygon", "coordinates": [[[76.9433121729259, 8.494385665321715], [76.94334428544263, 8.494408200696839], [76.94331390501202, 8.494450547696559], [76.94328179249526, 8.494428012323922], [76.9433121729259, 8.494385665321715]]]}}, {"type": "Feature", "properties": {"building_local_id": "MSB-0153", "source": "microsoft-global-ml-building-footprints"}, "geometry": {"type": "Polygon", "coordinates": [[[76.9433625063132, 8.493822558355646], [76.94353388964457, 8.493829379782582], [76.94353113460865, 8.493896970402517], [76.94335975176006, 8.493890137132652], [76.9433625063132, 8.493822558355646]]]}}, {"type": "Feature", "properties": {"building_local_id": "MSB-0154", "source": "microsoft-global-ml-building-footprints"}, "geometry": {"type": "Polygon", "coordinates": [[[76.94360101680311, 8.495958181129339], [76.94364632135343, 8.4960654006766], [76.94353900306058, 8.496109764585185], [76.943493695838, 8.49600253872616], [76.94360101680311, 8.495958181129339]]]}}, {"type": "Feature", "properties": {"building_local_id": "MSB-0155", "source": "microsoft-global-ml-building-footprints"}, "geometry": {"type": "Polygon", "coordinates": [[[76.94409088686392, 8.49405836396042], [76.94411292475291, 8.49392941009738], [76.94423903405247, 8.493950500395641], [76.94421698729174, 8.494079452767906], [76.94409088686392, 8.49405836396042]]]}}, {"type": "Feature", "properties": {"building_local_id": "MSB-0156", "source": "microsoft-global-ml-building-footprints"}, "geometry": {"type": "Polygon", "coordinates": [[[76.94415234790105, 8.498565802269397], [76.94424218312207, 8.498501565981002], [76.94429694442849, 8.498576477712035], [76.94420710920747, 8.498640713987825], [76.94415234790105, 8.498565802269397]]]}}, {"type": "Feature", "properties": {"building_local_id": "MSB-0157", "source": "microsoft-global-ml-building-footprints"}, "geometry": {"type": "Polygon", "coordinates": [[[76.94438641722654, 8.49841233992106], [76.94434702688986, 8.498305767158328], [76.94450681508282, 8.498247997675577], [76.94453150106209, 8.49831479977901], [76.9445977531732, 8.498290851719545], [76.9446219670957, 8.498356376394938], [76.94454625039724, 8.498383745600961], [76.94453673778482, 8.49835800376735], [76.94438641722654, 8.49841233992106]]]}}, {"type": "Feature", "properties": {"building_local_id": "MSB-0158", "source": "microsoft-global-ml-building-footprints"}, "geometry": {"type": "Polygon", "coordinates": [[[76.94455509878306, 8.49359059073835], [76.94462577737923, 8.493588697357595], [76.9446278100717, 8.493662921062537], [76.94455713672407, 8.493664814302306], [76.94455509878306, 8.49359059073835]]]}}, {"type": "Feature", "properties": {"building_local_id": "MSB-0159", "source": "microsoft-global-ml-building-footprints"}, "geometry": {"type": "Polygon", "coordinates": [[[76.94687838557613, 8.497838226714862], [76.9469069568093, 8.497915424421834], [76.94685255508885, 8.497935119081887], [76.94682398385572, 8.49785792137888], [76.94687838557613, 8.497838226714862]]]}}, {"type": "Feature", "properties": {"building_local_id": "MSB-0160", "source": "microsoft-global-ml-building-footprints"}, "geometry": {"type": "Polygon", "coordinates": [[[76.9470916834991, 8.497503060351931], [76.94715800000182, 8.497496137937375], [76.94715334832114, 8.497452548013015], [76.94722762226158, 8.497444789823021], [76.94722639511475, 8.497433290486555], [76.94735637546007, 8.497419722551427], [76.94736505453027, 8.497501052300862], [76.94732791728875, 8.497504928852976], [76.94733446308517, 8.49756626812848], [76.9471010307009, 8.497590651003023], [76.9470916834991, 8.497503060351931]]]}}, {"type": "Feature", "properties": {"building_local_id": "MSB-0161", "source": "microsoft-global-ml-building-footprints"}, "geometry": {"type": "Polygon", "coordinates": [[[76.94778784374175, 8.498429338048766], [76.94779922394552, 8.498468551649665], [76.94774587677504, 8.498483695443937], [76.94773449400755, 8.498444482572324], [76.94778784374175, 8.498429338048766]]]}}, {"type": "Feature", "properties": {"building_local_id": "MSB-0162", "source": "microsoft-global-ml-building-footprints"}, "geometry": {"type": "Polygon", "coordinates": [[[76.94440314669475, 8.493894885323115], [76.9444459739488, 8.49389680635231], [76.94444318184446, 8.49395769526484], [76.94432808359909, 8.49395253249969], [76.94433306082864, 8.493843991386512], [76.94440533181991, 8.493847233123674], [76.94440314669475, 8.493894885323115]]]}}, {"type": "Feature", "properties": {"building_local_id": "MSB-0163", "source": "microsoft-global-ml-building-footprints"}, "geometry": {"type": "Polygon", "coordinates": [[[76.94538630645427, 8.4970401333549], [76.94548326341373, 8.497111972344612], [76.94540034232318, 8.49722145299988], [76.94530337714481, 8.497149614653011], [76.94538630645427, 8.4970401333549]]]}}, {"type": "Feature", "properties": {"building_local_id": "MSB-0164", "source": "microsoft-global-ml-building-footprints"}, "geometry": {"type": "Polygon", "coordinates": [[[76.94597567537829, 8.494039370354201], [76.94597353704707, 8.494099206694173], [76.94586102482124, 8.494095273643026], [76.94586316287455, 8.494035445080968], [76.94597567537829, 8.494039370354201]]]}}, {"type": "Feature", "properties": {"building_local_id": "MSB-0165", "source": "microsoft-global-ml-building-footprints"}, "geometry": {"type": "Polygon", "coordinates": [[[76.9436434202906, 8.493763986129252], [76.94364276807896, 8.493734819700151], [76.94376072757713, 8.49373223946725], [76.94376392934353, 8.493875420098846], [76.94368082151524, 8.493877237989537], [76.94368200735467, 8.493930267839275], [76.9436149849125, 8.493931733879961], [76.9436112495184, 8.493764689829092], [76.9436434202906, 8.493763986129252]]]}}, {"type": "Feature", "properties": {"building_local_id": "MSB-0166", "source": "microsoft-global-ml-building-footprints"}, "geometry": {"type": "Polygon", "coordinates": [[[76.94540879929679, 8.495166569502373], [76.94549830131609, 8.495164636534128], [76.94550093571324, 8.495283954752807], [76.94541142525435, 8.495285887902725], [76.94540879929679, 8.495166569502373]]]}}, {"type": "Feature", "properties": {"building_local_id": "MSB-0167", "source": "microsoft-global-ml-building-footprints"}, "geometry": {"type": "Polygon", "coordinates": [[[76.94566972134803, 8.494106731516169], [76.94563787949535, 8.494103453977772], [76.94564174309826, 8.494066712630797], [76.94567358495094, 8.494069990169521], [76.94566972134803, 8.494106731516169]]]}}, {"type": "Feature", "properties": {"building_local_id": "MSB-0168", "source": "microsoft-global-ml-building-footprints"}, "geometry": {"type": "Polygon", "coordinates": [[[76.9470486782963, 8.496897817644822], [76.94705211235058, 8.496995852410052], [76.94690744669704, 8.497000809260868], [76.94690401264276, 8.496902774496903], [76.9470486782963, 8.496897817644822]]]}}, {"type": "Feature", "properties": {"building_local_id": "MSB-0169", "source": "microsoft-global-ml-building-footprints"}, "geometry": {"type": "Polygon", "coordinates": [[[76.9471646981113, 8.498374048782793], [76.94726794693413, 8.498614533520183], [76.94714068843268, 8.498667976929426], [76.94703743960983, 8.498427492225588], [76.9471646981113, 8.498374048782793]]]}}, {"type": "Feature", "properties": {"building_local_id": "MSB-0170", "source": "microsoft-global-ml-building-footprints"}, "geometry": {"type": "Polygon", "coordinates": [[[76.94764941930771, 8.498107573822523], [76.94764941930771, 8.498065129654435], [76.94773256778717, 8.498065129654435], [76.94773256778717, 8.498107573822523], [76.94764941930771, 8.498107573822523]]]}}, {"type": "Feature", "properties": {"building_local_id": "MSB-0171", "source": "microsoft-global-ml-building-footprints"}, "geometry": {"type": "Polygon", "coordinates": [[[76.94600162514915, 8.49704669453466], [76.94600592630186, 8.49711696078191], [76.94596734662885, 8.497119268099468], [76.94596305059312, 8.497049004216734], [76.94600162514915, 8.49704669453466]]]}}, {"type": "Feature", "properties": {"building_local_id": "MSB-0172", "source": "microsoft-global-ml-building-footprints"}, "geometry": {"type": "Polygon", "coordinates": [[[76.9473510786646, 8.494924288241066], [76.947356097137, 8.495016869517357], [76.94713946085943, 8.495028356273608], [76.94713444238704, 8.49493577500013], [76.9473510786646, 8.494924288241066]]]}}, {"type": "Feature", "properties": {"building_local_id": "MSB-0173", "source": "microsoft-global-ml-building-footprints"}, "geometry": {"type": "Polygon", "coordinates": [[[76.94772341652954, 8.498324537623361], [76.94779035722408, 8.498321799131773], [76.94779467669798, 8.498425080007706], [76.9477277360034, 8.498427818498556], [76.94772341652954, 8.498324537623361]]]}}, {"type": "Feature", "properties": {"building_local_id": "MSB-0174", "source": "microsoft-global-ml-building-footprints"}, "geometry": {"type": "Polygon", "coordinates": [[[76.94901518945252, 8.495928639740683], [76.94901597022138, 8.495981684004136], [76.94892211279667, 8.495983035355664], [76.94892133202782, 8.495929991092368], [76.94901518945252, 8.495928639740683]]]}}, {"type": "Feature", "properties": {"building_local_id": "MSB-0175", "source": "microsoft-global-ml-building-footprints"}, "geometry": {"type": "Polygon", "coordinates": [[[76.94517708971914, 8.495574103924653], [76.94517258100137, 8.495676209183586], [76.9450440800626, 8.495670658741105], [76.94504858838832, 8.495568562358713], [76.94517708971914, 8.495574103924653]]]}}, {"type": "Feature", "properties": {"building_local_id": "MSB-0176", "source": "microsoft-global-ml-building-footprints"}, "geometry": {"type": "Polygon", "coordinates": [[[76.94525778414899, 8.49538897663939], [76.94526934667117, 8.495313784435211], [76.94534012984957, 8.495324426526935], [76.9453285673274, 8.495399618729024], [76.94525778414899, 8.49538897663939]]]}}, {"type": "Feature", "properties": {"building_local_id": "MSB-0177", "source": "microsoft-global-ml-building-footprints"}, "geometry": {"type": "Polygon", "coordinates": [[[76.94725593621472, 8.498221592052232], [76.94722187109431, 8.498226765503702], [76.94718861333317, 8.498012656310664], [76.94722267809574, 8.498007480552673], [76.94725593621472, 8.498221592052232]]]}}, {"type": "Feature", "properties": {"building_local_id": "MSB-0178", "source": "microsoft-global-ml-building-footprints"}, "geometry": {"type": "Polygon", "coordinates": [[[76.9476646685776, 8.497271615682408], [76.94765232963553, 8.497176698112526], [76.94777898321192, 8.497160601845877], [76.9478013734066, 8.49733283887737], [76.94763777920383, 8.497353629878972], [76.94762772827814, 8.497276312941025], [76.9476646685776, 8.497271615682408]]]}}, {"type": "Feature", "properties": {"building_local_id": "MSB-0179", "source": "microsoft-global-ml-building-footprints"}, "geometry": {"type": "Polygon", "coordinates": [[[76.94796003083577, 8.493460845748515], [76.94806332784475, 8.493449347994371], [76.94807406551946, 8.493543653329397], [76.94783303916515, 8.493570481415261], [76.94781365169696, 8.493400207888754], [76.94795138104229, 8.493384877547399], [76.94796003083577, 8.493460845748515]]]}}, {"type": "Feature", "properties": {"building_local_id": "MSB-0180", "source": "microsoft-global-ml-building-footprints"}, "geometry": {"type": "Polygon", "coordinates": [[[76.94901152031397, 8.495372528856706], [76.94890708863011, 8.495376750506296], [76.94890402407731, 8.495302596564727], [76.94900845576112, 8.495298374914356], [76.94901152031397, 8.495372528856706]]]}}, {"type": "Feature", "properties": {"building_local_id": "MSB-0181", "source": "microsoft-global-ml-building-footprints"}, "geometry": {"type": "Polygon", "coordinates": [[[76.94334065524228, 8.4943474137241], [76.94327951960702, 8.494424930448588], [76.94322782447675, 8.494385049281519], [76.94328896011203, 8.494307532548973], [76.94334065524228, 8.4943474137241]]]}}, {"type": "Feature", "properties": {"building_local_id": "MSB-0182", "source": "microsoft-global-ml-building-footprints"}, "geometry": {"type": "Polygon", "coordinates": [[[76.94518819019699, 8.496325095571208], [76.94519057521734, 8.496403112196646], [76.94508874436498, 8.496406157278784], [76.94508635912933, 8.496328133611556], [76.94518819019699, 8.496325095571208]]]}}, {"type": "Feature", "properties": {"building_local_id": "MSB-0183", "source": "microsoft-global-ml-building-footprints"}, "geometry": {"type": "Polygon", "coordinates": [[[76.94740265607834, 8.49686342719653], [76.94745898246765, 8.49686342719653], [76.94745898246765, 8.496905871497589], [76.94740265607834, 8.496905871497589], [76.94740265607834, 8.49686342719653]]]}}, {"type": "Feature", "properties": {"building_local_id": "MSB-0184", "source": "microsoft-global-ml-building-footprints"}, "geometry": {"type": "Polygon", "coordinates": [[[76.94809996290726, 8.496174648369717], [76.94776635661563, 8.496226190758449], [76.94774126614972, 8.496067267222827], [76.94807486502344, 8.496015749050756], [76.94809996290726, 8.496174648369717]]]}}, {"type": "Feature", "properties": {"building_local_id": "MSB-0185", "source": "microsoft-global-ml-building-footprints"}, "geometry": {"type": "Polygon", "coordinates": [[[76.94434432463513, 8.493233721954454], [76.94447465460578, 8.493236915602367], [76.94447229393168, 8.49333115121955], [76.94434195752305, 8.493327948392619], [76.94434432463513, 8.493233721954454]]]}}, {"type": "Feature", "properties": {"building_local_id": "MSB-0186", "source": "microsoft-global-ml-building-footprints"}, "geometry": {"type": "Polygon", "coordinates": [[[76.94492293330734, 8.49835373792611], [76.94496111089991, 8.498483330053148], [76.94491660985537, 8.49849615673881], [76.94487843226285, 8.49836656461612], [76.94492293330734, 8.49835373792611]]]}}, {"type": "Feature", "properties": {"building_local_id": "MSB-0187", "source": "microsoft-global-ml-building-footprints"}, "geometry": {"type": "Polygon", "coordinates": [[[76.94636687572505, 8.495038561297932], [76.94638512725878, 8.495116623284659], [76.94630110719359, 8.49513583916952], [76.94628285565986, 8.495057777186716], [76.94636687572505, 8.495038561297932]]]}}, {"type": "Feature", "properties": {"building_local_id": "MSB-0188", "source": "microsoft-global-ml-building-footprints"}, "geometry": {"type": "Polygon", "coordinates": [[[76.94639999741193, 8.497990188623433], [76.94629547816595, 8.497993169387286], [76.94629280491944, 8.497901480052533], [76.94639732395463, 8.497898492059093], [76.94639999741193, 8.497990188623433]]]}}, {"type": "Feature", "properties": {"building_local_id": "MSB-0189", "source": "microsoft-global-ml-building-footprints"}, "geometry": {"type": "Polygon", "coordinates": [[[76.94385840213536, 8.497217217571205], [76.94391517692476, 8.497223580211084], [76.9439075387876, 8.49729028956618], [76.9438507588927, 8.497283930285533], [76.94385840213536, 8.497217217571205]]]}}, {"type": "Feature", "properties": {"building_local_id": "MSB-0190", "source": "microsoft-global-ml-building-footprints"}, "geometry": {"type": "Polygon", "coordinates": [[[76.94618715215246, 8.494716194677068], [76.9462488241543, 8.494715127427838], [76.94625097369635, 8.494837118265892], [76.94618930169449, 8.494838185514794], [76.94618715215246, 8.494716194677068]]]}}, {"type": "Feature", "properties": {"building_local_id": "MSB-0191", "source": "microsoft-global-ml-building-footprints"}, "geometry": {"type": "Polygon", "coordinates": [[[76.94723292412908, 8.498412528857386], [76.94722477808224, 8.498377229026815], [76.94726301921679, 8.498368596951408], [76.94727931131045, 8.49843919661086], [76.94720027963241, 8.498457036229908], [76.94719213358557, 8.49842173640343], [76.94723292412908, 8.498412528857386]]]}}, {"type": "Feature", "properties": {"building_local_id": "MSB-0192", "source": "microsoft-global-ml-building-footprints"}, "geometry": {"type": "Polygon", "coordinates": [[[76.94729857775297, 8.497846366817086], [76.94731069255542, 8.49797625749764], [76.94723622484331, 8.497983056526891], [76.94722410956409, 8.497853160737463], [76.94729857775297, 8.497846366817086]]]}}, {"type": "Feature", "properties": {"building_local_id": "MSB-0193", "source": "microsoft-global-ml-building-footprints"}, "geometry": {"type": "Polygon", "coordinates": [[[76.9431169793587, 8.49846815468861], [76.94314109001775, 8.498527553306516], [76.94318959845992, 8.498508293143232], [76.94321508884089, 8.49857109081421], [76.94305680769199, 8.498633946915916], [76.94300719537445, 8.498511744165512], [76.9431169793587, 8.49846815468861]]]}}, {"type": "Feature", "properties": {"building_local_id": "MSB-0194", "source": "microsoft-global-ml-building-footprints"}, "geometry": {"type": "Polygon", "coordinates": [[[76.94325004769627, 8.494628971126133], [76.94330355899565, 8.494626333802714], [76.94330502561272, 8.49465544214766], [76.94325151431333, 8.494658079470895], [76.94325004769627, 8.494628971126133]]]}}, {"type": "Feature", "properties": {"building_local_id": "MSB-0195", "source": "microsoft-global-ml-building-footprints"}, "geometry": {"type": "Polygon", "coordinates": [[[76.94619701019569, 8.496277284910022], [76.94611119057288, 8.49631699711695], [76.94608956979779, 8.496271293692303], [76.9461753894206, 8.496231581480643], [76.94619701019569, 8.496277284910022]]]}}, {"type": "Feature", "properties": {"building_local_id": "MSB-0196", "source": "microsoft-global-ml-building-footprints"}, "geometry": {"type": "Polygon", "coordinates": [[[76.94746495842902, 8.493714012911695], [76.94746611546309, 8.493727177471953], [76.94732502363726, 8.493739297749002], [76.9473173872125, 8.493652411645712], [76.94760223297403, 8.493627942401218], [76.94760871236473, 8.493701663949338], [76.94746495842902, 8.493714012911695]]]}}, {"type": "Feature", "properties": {"building_local_id": "MSB-0197", "source": "microsoft-global-ml-building-footprints"}, "geometry": {"type": "Polygon", "coordinates": [[[76.94807694841879, 8.498514221054378], [76.94808233465568, 8.498665239922019], [76.94803539291874, 8.49866688082858], [76.94802999600819, 8.498515862334727], [76.94807694841879, 8.498514221054378]]]}}, {"type": "Feature", "properties": {"building_local_id": "MSB-0198", "source": "microsoft-global-ml-building-footprints"}, "geometry": {"type": "Polygon", "coordinates": [[[76.94313965310351, 8.495081205587539], [76.94320386881186, 8.494978634354197], [76.94324652365421, 8.495004756079396], [76.94318230928215, 8.495107325171347], [76.94313965310351, 8.495081205587539]]]}}, {"type": "Feature", "properties": {"building_local_id": "MSB-0199", "source": "microsoft-global-ml-building-footprints"}, "geometry": {"type": "Polygon", "coordinates": [[[76.94326323303272, 8.493406325890334], [76.94326067604973, 8.493328114848282], [76.94342144014134, 8.493322962450122], [76.94342399748776, 8.493401184609922], [76.94326323303272, 8.493406325890334]]]}}, {"type": "Feature", "properties": {"building_local_id": "MSB-0200", "source": "microsoft-global-ml-building-footprints"}, "geometry": {"type": "Polygon", "coordinates": [[[76.94545252758937, 8.49486408106381], [76.94554078416502, 8.494868785151695], [76.94553322784536, 8.495007460743281], [76.94544497093783, 8.49500276274864], [76.94545252758937, 8.49486408106381]]]}}, {"type": "Feature", "properties": {"building_local_id": "MSB-0201", "source": "microsoft-global-ml-building-footprints"}, "geometry": {"type": "Polygon", "coordinates": [[[76.94706950955944, 8.49667912990482], [76.94708203755476, 8.496759454474272], [76.94699820171522, 8.496772244658118], [76.94698567371994, 8.496691920091322], [76.94706950955944, 8.49667912990482]]]}}, {"type": "Feature", "properties": {"building_local_id": "MSB-0202", "source": "microsoft-global-ml-building-footprints"}, "geometry": {"type": "Polygon", "coordinates": [[[76.94832461528384, 8.494643738682356], [76.94821464306642, 8.49465720499488], [76.94820842871464, 8.49460756305092], [76.9482338688137, 8.494604447860809], [76.94822013947376, 8.494494712077113], [76.94830467505197, 8.494484360526329], [76.94832461528384, 8.494643738682356]]]}}, {"type": "Feature", "properties": {"building_local_id": "MSB-0203", "source": "microsoft-global-ml-building-footprints"}, "geometry": {"type": "Polygon", "coordinates": [[[76.94335076336063, 8.495507470763215], [76.94348287671505, 8.495639436770887], [76.94338183783451, 8.495738380796922], [76.94333087655043, 8.495687479966733], [76.94335119190539, 8.495667585812555], [76.94331364148557, 8.49563007993143], [76.9432824912746, 8.49566058430375], [76.9432388888236, 8.495617033568621], [76.94335076336063, 8.495507470763215]]]}}, {"type": "Feature", "properties": {"building_local_id": "MSB-0204", "source": "microsoft-global-ml-building-footprints"}, "geometry": {"type": "Polygon", "coordinates": [[[76.94478138188067, 8.496563010863383], [76.94482559869388, 8.496601982968457], [76.94477156985249, 8.496661939889549], [76.94467354060018, 8.49657553144624], [76.94471290890783, 8.496531840182243], [76.94476672711951, 8.49657927483426], [76.94478138188067, 8.496563010863383]]]}}, {"type": "Feature", "properties": {"building_local_id": "MSB-0205", "source": "microsoft-global-ml-building-footprints"}, "geometry": {"type": "Polygon", "coordinates": [[[76.94495127910034, 8.497707569169606], [76.94504188675327, 8.49778344663764], [76.94501278616913, 8.497817437745269], [76.94504403018738, 8.49784360238364], [76.94501228409563, 8.497880683586018], [76.94489043242443, 8.497778641496211], [76.94495127910034, 8.497707569169606]]]}}, {"type": "Feature", "properties": {"building_local_id": "MSB-0206", "source": "microsoft-global-ml-building-footprints"}, "geometry": {"type": "Polygon", "coordinates": [[[76.94608217617676, 8.498960130993424], [76.94621531944361, 8.498934528370569], [76.94623390560582, 8.499029106276836], [76.94610076878804, 8.499054707653244], [76.94608217617676, 8.498960130993424]]]}}, {"type": "Feature", "properties": {"building_local_id": "MSB-0207", "source": "microsoft-global-ml-building-footprints"}, "geometry": {"type": "Polygon", "coordinates": [[[76.94670494979955, 8.4953599044062], [76.94672714375562, 8.49544439466898], [76.94663265242326, 8.495468680551141], [76.94661045286642, 8.495384191733194], [76.94670494979955, 8.4953599044062]]]}}, {"type": "Feature", "properties": {"building_local_id": "MSB-0208", "source": "microsoft-global-ml-building-footprints"}, "geometry": {"type": "Polygon", "coordinates": [[[76.94670502565887, 8.495067818450394], [76.94671880382424, 8.495167819755821], [76.94663190456104, 8.495179531439348], [76.946618125582, 8.495079524231315], [76.94670502565887, 8.495067818450394]]]}}, {"type": "Feature", "properties": {"building_local_id": "MSB-0209", "source": "microsoft-global-ml-building-footprints"}, "geometry": {"type": "Polygon", "coordinates": [[[76.94717383772468, 8.493566112188034], [76.94726126925549, 8.493556495376922], [76.94726981410848, 8.493632486462971], [76.94734664787794, 8.493624035327372], [76.94734929972888, 8.493647618765351], [76.94718503442864, 8.493665686709008], [76.94717383772468, 8.493566112188034]]]}}, {"type": "Feature", "properties": {"building_local_id": "MSB-0210", "source": "microsoft-global-ml-building-footprints"}, "geometry": {"type": "Polygon", "coordinates": [[[76.94765169224299, 8.49726791755927], [76.94744764038354, 8.497319260395187], [76.94743161794848, 8.497256972755295], [76.94763566980794, 8.497205629911008], [76.94765169224299, 8.49726791755927]]]}}, {"type": "Feature", "properties": {"building_local_id": "MSB-0211", "source": "microsoft-global-ml-building-footprints"}, "geometry": {"type": "Polygon", "coordinates": [[[76.94497406139067, 8.493213778405263], [76.94497699490498, 8.493317155937547], [76.94489659196572, 8.49331938773966], [76.94489365845143, 8.49321601020793], [76.94497406139067, 8.493213778405263]]]}}, {"type": "Feature", "properties": {"building_local_id": "MSB-0212", "source": "microsoft-global-ml-building-footprints"}, "geometry": {"type": "Polygon", "coordinates": [[[76.94574812845978, 8.496720588090298], [76.9456600273744, 8.496742902180586], [76.94563360515275, 8.496640830779626], [76.94572170623817, 8.496618516683398], [76.94574812845978, 8.496720588090298]]]}}, {"type": "Feature", "properties": {"building_local_id": "MSB-0213", "source": "microsoft-global-ml-building-footprints"}, "geometry": {"type": "Polygon", "coordinates": [[[76.94322690789403, 8.493720602241382], [76.94323265760006, 8.49357096913019], [76.94328354593809, 8.493572885398251], [76.94327779636723, 8.493722514991234], [76.94322690789403, 8.493720602241382]]]}}, {"type": "Feature", "properties": {"building_local_id": "MSB-0214", "source": "microsoft-global-ml-building-footprints"}, "geometry": {"type": "Polygon", "coordinates": [[[76.94337504680121, 8.498543957423038], [76.9434541098125, 8.498708379505942], [76.94325067527397, 8.498804065279899], [76.94321010346553, 8.498719690819868], [76.94324510295604, 8.498703228749307], [76.94322741780877, 8.498666450131125], [76.94331272906688, 8.498626323827324], [76.94329192301127, 8.498583054855715], [76.94337504680121, 8.498543957423038]]]}}, {"type": "Feature", "properties": {"building_local_id": "MSB-0215", "source": "microsoft-global-ml-building-footprints"}, "geometry": {"type": "Polygon", "coordinates": [[[76.94558070243482, 8.498089220536997], [76.94560796092244, 8.498129567576598], [76.94558014619213, 8.498147948854466], [76.94555288770451, 8.498107601816812], [76.94558070243482, 8.498089220536997]]]}}, {"type": "Feature", "properties": {"building_local_id": "MSB-0216", "source": "microsoft-global-ml-building-footprints"}, "geometry": {"type": "Polygon", "coordinates": [[[76.9456890863678, 8.497342889935538], [76.9456629264535, 8.497314722466868], [76.94562073741103, 8.497353049104973], [76.94558332165875, 8.497312762007411], [76.94570843399151, 8.497199103678184], [76.94573325916919, 8.497225833988466], [76.94571434618038, 8.497243014189607], [76.94575309956083, 8.49728474157456], [76.9456890863678, 8.497342889935538]]]}}, {"type": "Feature", "properties": {"building_local_id": "MSB-0217", "source": "microsoft-global-ml-building-footprints"}, "geometry": {"type": "Polygon", "coordinates": [[[76.94303153970979, 8.497791677683637], [76.943086822278, 8.497730363361725], [76.94310923406319, 8.497750129159272], [76.9430539522742, 8.497811442613795], [76.94303153970979, 8.497791677683637]]]}}, {"type": "Feature", "properties": {"building_local_id": "MSB-0218", "source": "microsoft-global-ml-building-footprints"}, "geometry": {"type": "Polygon", "coordinates": [[[76.94898853552034, 8.493577213428992], [76.94883359040233, 8.493586930719303], [76.94882410414967, 8.493438969284526], [76.94897904926772, 8.493429251990463], [76.94898853552034, 8.493577213428992]]]}}, {"type": "Feature", "properties": {"building_local_id": "MSB-0219", "source": "microsoft-global-ml-building-footprints"}, "geometry": {"type": "Polygon", "coordinates": [[[76.9435983786418, 8.498965357057173], [76.9436709911536, 8.498906132699503], [76.94372497319391, 8.498970866702393], [76.94365235795549, 8.499030093273959], [76.9435983786418, 8.498965357057173]]]}}, {"type": "Feature", "properties": {"building_local_id": "MSB-0220", "source": "microsoft-global-ml-building-footprints"}, "geometry": {"type": "Polygon", "coordinates": [[[76.94437735107195, 8.493331003628796], [76.94446210561281, 8.49334044919972], [76.94445255530411, 8.4934242742315], [76.94436780076325, 8.493414828662623], [76.94437735107195, 8.493331003628796]]]}}, {"type": "Feature", "properties": {"building_local_id": "MSB-0221", "source": "microsoft-global-ml-building-footprints"}, "geometry": {"type": "Polygon", "coordinates": [[[76.94466922062476, 8.497269145126637], [76.94465645038001, 8.497282773882745], [76.94469477220836, 8.49731790036654], [76.94466876305353, 8.497345655951094], [76.94473369437482, 8.49740516867314], [76.94464008444733, 8.497505064168976], [76.94455703638059, 8.497428946584535], [76.94457040868409, 8.497414675300234], [76.9445242336889, 8.497372353667629], [76.94459437389182, 8.497297498127196], [76.94453665716179, 8.497244593920243], [76.94458552844597, 8.497192437135013], [76.94466922062476, 8.497269145126637]]]}}, {"type": "Feature", "properties": {"building_local_id": "MSB-0222", "source": "microsoft-global-ml-building-footprints"}, "geometry": {"type": "Polygon", "coordinates": [[[76.94540445169139, 8.498085336260047], [76.94534999248819, 8.49806073905296], [76.9453337760422, 8.498095858853375], [76.94525831799888, 8.498061777247685], [76.94530696733679, 8.497956417827396], [76.94538464473435, 8.497991501842847], [76.94537653651138, 8.498009061746643], [76.94542877944488, 8.49803265794992], [76.94540445169139, 8.498085336260047]]]}}, {"type": "Feature", "properties": {"building_local_id": "MSB-0223", "source": "microsoft-global-ml-building-footprints"}, "geometry": {"type": "Polygon", "coordinates": [[[76.94617494461245, 8.4980339938177], [76.94621723701863, 8.498154802275934], [76.94614538433315, 8.498179407017446], [76.94610309192697, 8.498058598566985], [76.94617494461245, 8.4980339938177]]]}}, {"type": "Feature", "properties": {"building_local_id": "MSB-0224", "source": "microsoft-global-ml-building-footprints"}, "geometry": {"type": "Polygon", "coordinates": [[[76.94695170572204, 8.495186205088359], [76.94695575841075, 8.495316067880466], [76.94684321260598, 8.49531949570914], [76.94683915991729, 8.49518963291817], [76.94695170572204, 8.495186205088359]]]}}, {"type": "Feature", "properties": {"building_local_id": "MSB-0225", "source": "microsoft-global-ml-building-footprints"}, "geometry": {"type": "Polygon", "coordinates": [[[76.94845623619229, 8.493271975683953], [76.94845302559759, 8.493192518761546], [76.94858156633919, 8.493187438144773], [76.9485847769339, 8.493266895068246], [76.94845623619229, 8.493271975683953]]]}}, {"type": "Feature", "properties": {"building_local_id": "MSB-0226", "source": "microsoft-global-ml-building-footprints"}, "geometry": {"type": "Polygon", "coordinates": [[[76.94574489419414, 8.493649608833238], [76.94580735871125, 8.493653232234323], [76.94580217901925, 8.49374047387262], [76.94573972065461, 8.493736850829237], [76.94574489419414, 8.493649608833238]]]}}, {"type": "Feature", "properties": {"building_local_id": "MSB-0227", "source": "microsoft-global-ml-building-footprints"}, "geometry": {"type": "Polygon", "coordinates": [[[76.94609865010841, 8.494455876821021], [76.9461015087461, 8.494498132217274], [76.94604276314324, 8.494502019725317], [76.94603990450555, 8.494459764329491], [76.94609865010841, 8.494455876821021]]]}}, {"type": "Feature", "properties": {"building_local_id": "MSB-0228", "source": "microsoft-global-ml-building-footprints"}, "geometry": {"type": "Polygon", "coordinates": [[[76.94395568762835, 8.493115881385563], [76.94386723961927, 8.49311825078695], [76.9438617949073, 8.492919436977076], [76.94395024291643, 8.492917067574467], [76.94395568762835, 8.493115881385563]]]}}, {"type": "Feature", "properties": {"building_local_id": "MSB-0229", "source": "microsoft-global-ml-building-footprints"}, "geometry": {"type": "Polygon", "coordinates": [[[76.94430614001078, 8.49781414411025], [76.94425952411156, 8.497904754245567], [76.9441870835917, 8.497868299826735], [76.94423369949092, 8.497777689682806], [76.94430614001078, 8.49781414411025]]]}}, {"type": "Feature", "properties": {"building_local_id": "MSB-0230", "source": "microsoft-global-ml-building-footprints"}, "geometry": {"type": "Polygon", "coordinates": [[[76.9453495226438, 8.496497257138486], [76.9453977569352, 8.496547118717302], [76.94530193573598, 8.496637782538798], [76.94525370328691, 8.496587919228588], [76.9453495226438, 8.496497257138486]]]}}, {"type": "Feature", "properties": {"building_local_id": "MSB-0231", "source": "microsoft-global-ml-building-footprints"}, "geometry": {"type": "Polygon", "coordinates": [[[76.9482403261369, 8.495701475743914], [76.94826714040714, 8.49570102285412], [76.94826897206501, 8.49580710298315], [76.94824215779477, 8.495807555872773], [76.9482403261369, 8.495701475743914]]]}}, {"type": "Feature", "properties": {"building_local_id": "MSB-0232", "source": "microsoft-global-ml-building-footprints"}, "geometry": {"type": "Polygon", "coordinates": [[[76.94878082671899, 8.494285828391725], [76.94872986864794, 8.494285387470228], [76.94873073680773, 8.494187241858185], [76.94878169487882, 8.494187682779781], [76.94878082671899, 8.494285828391725]]]}}, {"type": "Feature", "properties": {"building_local_id": "MSB-0233", "source": "microsoft-global-ml-building-footprints"}, "geometry": {"type": "Polygon", "coordinates": [[[76.94289462114071, 8.49798128402675], [76.94310764083347, 8.497760901093343], [76.94318331870801, 8.497832453153507], [76.94297029901524, 8.498052836045787], [76.94289462114071, 8.49798128402675]]]}}, {"type": "Feature", "properties": {"building_local_id": "MSB-0234", "source": "microsoft-global-ml-building-footprints"}, "geometry": {"type": "Polygon", "coordinates": [[[76.94346707481354, 8.493555438410013], [76.94347404218298, 8.493678357192508], [76.94339650181846, 8.493682656508113], [76.94338226166987, 8.493431430846144], [76.9434624758401, 8.49342698327537], [76.94346974862967, 8.4935552903422], [76.94346707481354, 8.493555438410013]]]}}, {"type": "Feature", "properties": {"building_local_id": "MSB-0235", "source": "microsoft-global-ml-building-footprints"}, "geometry": {"type": "Polygon", "coordinates": [[[76.94435608831836, 8.498745166204685], [76.94427262939541, 8.498787962577552], [76.94422499934595, 8.498697093773629], [76.94430845558763, 8.498654304542413], [76.94435608831836, 8.498745166204685]]]}}, {"type": "Feature", "properties": {"building_local_id": "MSB-0236", "source": "microsoft-global-ml-building-footprints"}, "geometry": {"type": "Polygon", "coordinates": [[[76.94578566497827, 8.497856483944275], [76.94580114599647, 8.497821665480345], [76.94580390625278, 8.49782197309679], [76.94585598788238, 8.497844624019308], [76.94585012717846, 8.497896095996268], [76.94581909477985, 8.497892637594688], [76.94579212793238, 8.497953298557348], [76.9456726898097, 8.497939987793274], [76.94573355884087, 8.49796646045337], [76.94578127136333, 8.49797177446544], [76.94576969531677, 8.498073378587563], [76.94576093928136, 8.498093071834262], [76.94570910121024, 8.498087294750164], [76.94571623136622, 8.498024712661078], [76.94569527812052, 8.498071838723718], [76.94562348364356, 8.498040614466674], [76.94562587635004, 8.498040881121426], [76.9456369595484, 8.497943602769794], [76.94560018779919, 8.498026306331113], [76.94553679999395, 8.497998742618435], [76.94554481550968, 8.497928389621734], [76.94562692147115, 8.497937539908918], [76.94562715482029, 8.497935491779728], [76.945682275823, 8.497811518766397], [76.94578566497827, 8.497856483944275]]]}}, {"type": "Feature", "properties": {"building_local_id": "MSB-0237", "source": "microsoft-global-ml-building-footprints"}, "geometry": {"type": "Polygon", "coordinates": [[[76.94482894401686, 8.497847624058636], [76.94487833043115, 8.497810587502116], [76.94493443348794, 8.497883757787164], [76.94488504873786, 8.497920796507032], [76.94482894401686, 8.497847624058636]]]}}, {"type": "Feature", "properties": {"building_local_id": "MSB-0238", "source": "microsoft-global-ml-building-footprints"}, "geometry": {"type": "Polygon", "coordinates": [[[76.94494164917215, 8.498215790926707], [76.94499702293616, 8.498256409137937], [76.94491617570989, 8.49836422925226], [76.94486080194588, 8.49832361105247], [76.94494164917215, 8.498215790926707]]]}}, {"type": "Feature", "properties": {"building_local_id": "MSB-0239", "source": "microsoft-global-ml-building-footprints"}, "geometry": {"type": "Polygon", "coordinates": [[[76.94669885001906, 8.495819956003174], [76.9467040403428, 8.49585907363776], [76.94663391050214, 8.495868180571719], [76.94662871745714, 8.49582906329141], [76.94669885001906, 8.495819956003174]]]}}, {"type": "Feature", "properties": {"building_local_id": "MSB-0240", "source": "microsoft-global-ml-building-footprints"}, "geometry": {"type": "Polygon", "coordinates": [[[76.94891878953368, 8.493025234340536], [76.94892147786096, 8.493121654636482], [76.94872046503761, 8.493127136895936], [76.94871777709798, 8.49303073050514], [76.94891878953368, 8.493025234340536]]]}}, {"type": "Feature", "properties": {"building_local_id": "MSB-0241", "source": "microsoft-global-ml-building-footprints"}, "geometry": {"type": "Polygon", "coordinates": [[[76.94638353210105, 8.49698752612862], [76.94649522020845, 8.496939330351765], [76.94651488264094, 8.496983900962604], [76.94640319718309, 8.497032095590484], [76.94638353210105, 8.49698752612862]]]}}, {"type": "Feature", "properties": {"building_local_id": "MSB-0242", "source": "microsoft-global-ml-building-footprints"}, "geometry": {"type": "Polygon", "coordinates": [[[76.94653757476719, 8.496267762899421], [76.94648785914137, 8.496270340471213], [76.9464827547583, 8.496174037337184], [76.9465324773621, 8.496171462844785], [76.94653757476719, 8.496267762899421]]]}}, {"type": "Feature", "properties": {"building_local_id": "MSB-0243", "source": "microsoft-global-ml-building-footprints"}, "geometry": {"type": "Polygon", "coordinates": [[[76.9465522450806, 8.494535092319452], [76.94661764520303, 8.49454162939881], [76.94661029306542, 8.494613578815105], [76.94654489752547, 8.494607046721754], [76.9465522450806, 8.494535092319452]]]}}, {"type": "Feature", "properties": {"building_local_id": "MSB-0244", "source": "microsoft-global-ml-building-footprints"}, "geometry": {"type": "Polygon", "coordinates": [[[76.94694855809597, 8.498046428916581], [76.94687630890729, 8.498049899691665], [76.94687123991247, 8.497946685517462], [76.94694348910117, 8.497943214741426], [76.94694855809597, 8.498046428916581]]]}}, {"type": "Feature", "properties": {"building_local_id": "MSB-0245", "source": "microsoft-global-ml-building-footprints"}, "geometry": {"type": "Polygon", "coordinates": [[[76.94700619953831, 8.495523827247524], [76.94701935816717, 8.495587486101059], [76.94693182161625, 8.495605185470339], [76.94693919044842, 8.495640834422076], [76.94688512375522, 8.495651766384043], [76.9468645962942, 8.495552458584541], [76.94700619953831, 8.495523827247524]]]}}, {"type": "Feature", "properties": {"building_local_id": "MSB-0246", "source": "microsoft-global-ml-building-footprints"}, "geometry": {"type": "Polygon", "coordinates": [[[76.94760442469371, 8.493721587984297], [76.94761373118098, 8.493796396094254], [76.9472887394949, 8.493835944587346], [76.9472794357645, 8.493761158645711], [76.94760442469371, 8.493721587984297]]]}}, {"type": "Feature", "properties": {"building_local_id": "MSB-0247", "source": "microsoft-global-ml-building-footprints"}, "geometry": {"type": "Polygon", "coordinates": [[[76.94330448543846, 8.496109713611006], [76.94339299442312, 8.496110295643447], [76.943392111388, 8.496241646650745], [76.9433036024445, 8.496241058492132], [76.94330448543846, 8.496109713611006]]]}}, {"type": "Feature", "properties": {"building_local_id": "MSB-0248", "source": "microsoft-global-ml-building-footprints"}, "geometry": {"type": "Polygon", "coordinates": [[[76.94438819557696, 8.497267397745219], [76.94441897836036, 8.497329371870151], [76.94433903032206, 8.497368215327057], [76.94430824753861, 8.497306241208392], [76.94438819557696, 8.497267397745219]]]}}, {"type": "Feature", "properties": {"building_local_id": "MSB-0249", "source": "microsoft-global-ml-building-footprints"}, "geometry": {"type": "Polygon", "coordinates": [[[76.94519334476396, 8.495771608295286], [76.94515368502296, 8.49577632468447], [76.9451594074839, 8.495823394135627], [76.94504836020909, 8.495836600023424], [76.94503850485967, 8.495755535967902], [76.94512840027262, 8.49574484548505], [76.94512108823916, 8.495684701173033], [76.94518189984204, 8.495677469374527], [76.94519334476396, 8.495771608295286]]]}}, {"type": "Feature", "properties": {"building_local_id": "MSB-0250", "source": "microsoft-global-ml-building-footprints"}, "geometry": {"type": "Polygon", "coordinates": [[[76.94543433523303, 8.493244881919196], [76.94538931571151, 8.493239836616922], [76.94539908884397, 8.493154532628097], [76.94544410871801, 8.493159574854658], [76.94543433523303, 8.493244881919196]]]}}, {"type": "Feature", "properties": {"building_local_id": "MSB-0251", "source": "microsoft-global-ml-building-footprints"}, "geometry": {"type": "Polygon", "coordinates": [[[76.94691242218002, 8.49781029461873], [76.94696334404155, 8.497808881160609], [76.94696710495732, 8.497941414865707], [76.9469161830958, 8.497942828323318], [76.94691242218002, 8.49781029461873]]]}}, {"type": "Feature", "properties": {"building_local_id": "MSB-0252", "source": "microsoft-global-ml-building-footprints"}, "geometry": {"type": "Polygon", "coordinates": [[[76.94828778480542, 8.493801308469756], [76.94831493948404, 8.493941100997475], [76.9482373384948, 8.493955851487897], [76.9482101828099, 8.493816053785096], [76.94828778480542, 8.493801308469756]]]}}, {"type": "Feature", "properties": {"building_local_id": "MSB-0253", "source": "microsoft-global-ml-building-footprints"}, "geometry": {"type": "Polygon", "coordinates": [[[76.9429941067212, 8.49808580463511], [76.94308273818693, 8.4979878871264], [76.94314527334994, 8.498043255637967], [76.94315327094301, 8.498034420125876], [76.9432381400928, 8.498109563094815], [76.94319616828133, 8.498155932340254], [76.94320808015526, 8.498166478261695], [76.94315342803499, 8.498226856336075], [76.9429941067212, 8.49808580463511]]]}}, {"type": "Feature", "properties": {"building_local_id": "MSB-0254", "source": "microsoft-global-ml-building-footprints"}, "geometry": {"type": "Polygon", "coordinates": [[[76.94668470746646, 8.49654400630655], [76.94662339637142, 8.496557557380456], [76.94660649754124, 8.49648276861518], [76.94666780772297, 8.496469213496553], [76.94668470746646, 8.49654400630655]]]}}, {"type": "Feature", "properties": {"building_local_id": "MSB-0255", "source": "microsoft-global-ml-building-footprints"}, "geometry": {"type": "Polygon", "coordinates": [[[76.94323859182349, 8.498132470826405], [76.94333190140931, 8.498197383009881], [76.94325112258792, 8.498310964647743], [76.94315781300214, 8.498246052483509], [76.94323859182349, 8.498132470826405]]]}}, {"type": "Feature", "properties": {"building_local_id": "MSB-0256", "source": "microsoft-global-ml-building-footprints"}, "geometry": {"type": "Polygon", "coordinates": [[[76.9432731879013, 8.494717444781841], [76.94327523254579, 8.494757133501366], [76.94320032515974, 8.494760908299853], [76.94319828051523, 8.494721219580725], [76.9432731879013, 8.494717444781841]]]}}, {"type": "Feature", "properties": {"building_local_id": "MSB-0257", "source": "microsoft-global-ml-building-footprints"}, "geometry": {"type": "Polygon", "coordinates": [[[76.94573791234416, 8.494788598962089], [76.94576740311678, 8.494789223624394], [76.94577075750686, 8.494634315988307], [76.94581633408721, 8.494635284529295], [76.94581160174805, 8.494853826616946], [76.94573653432677, 8.494852236567695], [76.94573791234416, 8.494788598962089]]]}}, {"type": "Feature", "properties": {"building_local_id": "MSB-0258", "source": "microsoft-global-ml-building-footprints"}, "geometry": {"type": "Polygon", "coordinates": [[[76.94580411304875, 8.493228545822959], [76.94581118034606, 8.492853093925987], [76.94587657581438, 8.492854298044378], [76.94587549446848, 8.492911529676704], [76.94592911992252, 8.492912520787229], [76.94592524094003, 8.493117820890802], [76.9458796592445, 8.493116981601446], [76.94587697453552, 8.493259073188383], [76.94582066780876, 8.493258032523258], [76.94581871371491, 8.493361455355597], [76.94575972571546, 8.493360365135317], [76.94576223096395, 8.493227771755087], [76.94580411304875, 8.493228545822959]]]}}, {"type": "Feature", "properties": {"building_local_id": "MSB-0259", "source": "microsoft-global-ml-building-footprints"}, "geometry": {"type": "Polygon", "coordinates": [[[76.94465709537442, 8.497896790493769], [76.94468055073129, 8.497947109427983], [76.94463409735535, 8.49796829006776], [76.94461064199848, 8.497917971136317], [76.94465709537442, 8.497896790493769]]]}}, {"type": "Feature", "properties": {"building_local_id": "MSB-0260", "source": "microsoft-global-ml-building-footprints"}, "geometry": {"type": "Polygon", "coordinates": [[[76.94585723611314, 8.49810661122254], [76.9458887912849, 8.498167561215624], [76.94580265217705, 8.49821118345264], [76.94577109358815, 8.498150235197016], [76.94585723611314, 8.49810661122254]]]}}, {"type": "Feature", "properties": {"building_local_id": "MSB-0261", "source": "microsoft-global-ml-building-footprints"}, "geometry": {"type": "Polygon", "coordinates": [[[76.94631918564093, 8.498803258953643], [76.94636212095683, 8.498790378334206], [76.9463870145525, 8.498871525723587], [76.94634407481273, 8.498884410639747], [76.94631918564093, 8.498803258953643]]]}}, {"type": "Feature", "properties": {"building_local_id": "MSB-0262", "source": "microsoft-global-ml-building-footprints"}, "geometry": {"type": "Polygon", "coordinates": [[[76.9463466318948, 8.49726631003253], [76.94627601874312, 8.497295735067183], [76.94620115982362, 8.49712001355799], [76.9462717729753, 8.497090588509877], [76.9463466318948, 8.49726631003253]]]}}, {"type": "Feature", "properties": {"building_local_id": "MSB-0263", "source": "microsoft-global-ml-building-footprints"}, "geometry": {"type": "Polygon", "coordinates": [[[76.94676693834876, 8.49885841317078], [76.94686484272785, 8.49881452554456], [76.94690417503722, 8.49890035149069], [76.94680627065813, 8.498944239107104], [76.94676693834876, 8.49885841317078]]]}}, {"type": "Feature", "properties": {"building_local_id": "MSB-0264", "source": "microsoft-global-ml-building-footprints"}, "geometry": {"type": "Polygon", "coordinates": [[[76.94694398332948, 8.497620191457358], [76.94707268441923, 8.497617812821304], [76.94707378672855, 8.49767615324653], [76.9469450856388, 8.49767853188223], [76.94694398332948, 8.497620191457358]]]}}, {"type": "Feature", "properties": {"building_local_id": "MSB-0265", "source": "microsoft-global-ml-building-footprints"}, "geometry": {"type": "Polygon", "coordinates": [[[76.94837210301155, 8.49535633354796], [76.94832395697276, 8.495358843079245], [76.94831079668946, 8.495111869578636], [76.94834556870067, 8.495110054737964], [76.94834984831083, 8.495190368399477], [76.94836322221049, 8.495189671307145], [76.94837210301155, 8.49535633354796]]]}}, {"type": "Feature", "properties": {"building_local_id": "MSB-0266", "source": "microsoft-global-ml-building-footprints"}, "geometry": {"type": "Polygon", "coordinates": [[[76.9436191051822, 8.495468180329837], [76.94356036732081, 8.495522435493896], [76.94352022799072, 8.495479928158602], [76.94357896585214, 8.495425672988532], [76.9436191051822, 8.495468180329837]]]}}, {"type": "Feature", "properties": {"building_local_id": "MSB-0267", "source": "microsoft-global-ml-building-footprints"}, "geometry": {"type": "Polygon", "coordinates": [[[76.94479001124994, 8.498153037549613], [76.94472165413889, 8.498073586727187], [76.94479561448729, 8.498011343067333], [76.94489772974207, 8.498130040436394], [76.94492314481435, 8.49813775822561], [76.94483033262769, 8.49802987461878], [76.94488945283774, 8.49798012013973], [76.9449653466517, 8.498068338076948], [76.94502874545286, 8.498087590379285], [76.94506959545333, 8.498135069947963], [76.94500656813236, 8.498188108195052], [76.94499786095106, 8.49821615521273], [76.94479001124994, 8.498153037549613]]]}}, {"type": "Feature", "properties": {"building_local_id": "MSB-0268", "source": "microsoft-global-ml-building-footprints"}, "geometry": {"type": "Polygon", "coordinates": [[[76.94508348788409, 8.497329399331164], [76.94497244873106, 8.497276510670488], [76.94502860813058, 8.49716117895639], [76.94513965032179, 8.49721406139362], [76.94508348788409, 8.497329399331164]]]}}, {"type": "Feature", "properties": {"building_local_id": "MSB-0269", "source": "microsoft-global-ml-building-footprints"}, "geometry": {"type": "Polygon", "coordinates": [[[76.94582288766594, 8.495541261356266], [76.94573865235068, 8.495556048364392], [76.94573265246234, 8.495522615493499], [76.94574305362767, 8.495520789630731], [76.9457204386639, 8.495394773398331], [76.94579426187504, 8.495381814167658], [76.94582288766594, 8.495541261356266]]]}}, {"type": "Feature", "properties": {"building_local_id": "MSB-0270", "source": "microsoft-global-ml-building-footprints"}, "geometry": {"type": "Polygon", "coordinates": [[[76.94611130021889, 8.495948093632236], [76.94622905138891, 8.495912507123109], [76.9462470420667, 8.495970736626901], [76.94612929089668, 8.496006323130601], [76.94611130021889, 8.495948093632236]]]}}, {"type": "Feature", "properties": {"building_local_id": "MSB-0271", "source": "microsoft-global-ml-building-footprints"}, "geometry": {"type": "Polygon", "coordinates": [[[76.94672977588645, 8.498504080976545], [76.94664351004846, 8.498517850903994], [76.94662199298784, 8.498385994844469], [76.94676192916297, 8.49836365794144], [76.94677711125695, 8.498456733841763], [76.94672344733921, 8.498465299785906], [76.94672977588645, 8.498504080976545]]]}}, {"type": "Feature", "properties": {"building_local_id": "MSB-0272", "source": "microsoft-global-ml-building-footprints"}, "geometry": {"type": "Polygon", "coordinates": [[[76.94860323233743, 8.493532944764368], [76.94860087209854, 8.493434846996664], [76.94867057006581, 8.493433206640034], [76.94867490780219, 8.493613494410766], [76.94857304154229, 8.493615891853963], [76.94857106404484, 8.493533701851831], [76.94860323233743, 8.493532944764368]]]}}, {"type": "Feature", "properties": {"building_local_id": "MSB-0273", "source": "microsoft-global-ml-building-footprints"}, "geometry": {"type": "Polygon", "coordinates": [[[76.9487799021447, 8.495528614693995], [76.9487727536397, 8.495414984619828], [76.94900520693191, 8.49540069615125], [76.9490095292838, 8.49546940271432], [76.94904321465745, 8.495467332137807], [76.94904421100557, 8.495483187565569], [76.94908161744455, 8.495480888262236], [76.94908992034556, 8.49561301680211], [76.94897876081086, 8.495619849566836], [76.94897227728308, 8.495516789758028], [76.9487799021447, 8.495528614693995]]]}}, {"type": "Feature", "properties": {"building_local_id": "MSB-0274", "source": "microsoft-global-ml-building-footprints"}, "geometry": {"type": "Polygon", "coordinates": [[[76.94884559704106, 8.495021646848457], [76.94883526678504, 8.495075414560532], [76.94878448037069, 8.495065873540796], [76.94879480695428, 8.495012105137477], [76.94884559704106, 8.495021646848457]]]}}, {"type": "Feature", "properties": {"building_local_id": "MSB-0275", "source": "microsoft-global-ml-building-footprints"}, "geometry": {"type": "Polygon", "coordinates": [[[76.94317745066942, 8.49639168648767], [76.94303654090157, 8.496395900159854], [76.94303524453429, 8.49635349456804], [76.94309576435208, 8.49635168482338], [76.94309422847617, 8.49630132807033], [76.94317462142432, 8.496298924052368], [76.94317745066942, 8.49639168648767]]]}}, {"type": "Feature", "properties": {"building_local_id": "MSB-0276", "source": "microsoft-global-ml-building-footprints"}, "geometry": {"type": "Polygon", "coordinates": [[[76.94666925624712, 8.49569891866318], [76.9468467960638, 8.495685105320916], [76.94685191137741, 8.49574941635673], [76.94667437705606, 8.495763241558194], [76.94666925624712, 8.49569891866318]]]}}, {"type": "Feature", "properties": {"building_local_id": "MSB-0277", "source": "microsoft-global-ml-building-footprints"}, "geometry": {"type": "Polygon", "coordinates": [[[76.94794739743772, 8.497693047961448], [76.94812999355179, 8.497649694866737], [76.94814947546887, 8.497729957774084], [76.9479668793548, 8.4977733108597], [76.94794739743772, 8.497693047961448]]]}}, {"type": "Feature", "properties": {"building_local_id": "MSB-0278", "source": "microsoft-global-ml-building-footprints"}, "geometry": {"type": "Polygon", "coordinates": [[[76.94434678432118, 8.498930193498325], [76.94443552003584, 8.498893081681047], [76.94448363553562, 8.499005596129678], [76.944394899821, 8.49904270793607], [76.94434678432118, 8.498930193498325]]]}}, {"type": "Feature", "properties": {"building_local_id": "MSB-0279", "source": "microsoft-global-ml-building-footprints"}, "geometry": {"type": "Polygon", "coordinates": [[[76.94443271074528, 8.496093964383292], [76.94441572975079, 8.496145658019017], [76.9442992780971, 8.496108231404293], [76.94431625669642, 8.496056545054799], [76.94443271074528, 8.496093964383292]]]}}, {"type": "Feature", "properties": {"building_local_id": "MSB-0280", "source": "microsoft-global-ml-building-footprints"}, "geometry": {"type": "Polygon", "coordinates": [[[76.94589551362718, 8.496657484695746], [76.9457619246561, 8.496690949999433], [76.94573192683478, 8.496573784522482], [76.94586551580583, 8.496540319208535], [76.94589551362718, 8.496657484695746]]]}}, {"type": "Feature", "properties": {"building_local_id": "MSB-0281", "source": "microsoft-global-ml-building-footprints"}, "geometry": {"type": "Polygon", "coordinates": [[[76.946874745303, 8.49681020765722], [76.94674422975403, 8.496844032322215], [76.94672121664257, 8.496757149516668], [76.94685173219155, 8.496723324843998], [76.946874745303, 8.49681020765722]]]}}, {"type": "Feature", "properties": {"building_local_id": "MSB-0282", "source": "microsoft-global-ml-building-footprints"}, "geometry": {"type": "Polygon", "coordinates": [[[76.9482160699034, 8.494267345011679], [76.94826100487326, 8.494261948386608], [76.94826818089467, 8.494320395815436], [76.94822324554843, 8.494325789374372], [76.9482160699034, 8.494267345011679]]]}}, {"type": "Feature", "properties": {"building_local_id": "MSB-0283", "source": "microsoft-global-ml-building-footprints"}, "geometry": {"type": "Polygon", "coordinates": [[[76.9454877979731, 8.49759529534002], [76.94540123012105, 8.497691641162945], [76.94534877575389, 8.497645539432426], [76.94543534360596, 8.49754919359789], [76.9454877979731, 8.49759529534002]]]}}, {"type": "Feature", "properties": {"building_local_id": "MSB-0284", "source": "microsoft-global-ml-building-footprints"}, "geometry": {"type": "Polygon", "coordinates": [[[76.94556258532928, 8.49902247676296], [76.94556767013475, 8.498924583198374], [76.9456532749071, 8.498928932575524], [76.94564819010164, 8.499026826139016], [76.94556258532928, 8.49902247676296]]]}}, {"type": "Feature", "properties": {"building_local_id": "MSB-0285", "source": "microsoft-global-ml-building-footprints"}, "geometry": {"type": "Polygon", "coordinates": [[[76.94558654012155, 8.49441736930352], [76.94558117044797, 8.494549795593798], [76.94545263114465, 8.494544697256615], [76.94545800081828, 8.494412270964588], [76.94558654012155, 8.49441736930352]]]}}, {"type": "Feature", "properties": {"building_local_id": "MSB-0286", "source": "microsoft-global-ml-building-footprints"}, "geometry": {"type": "Polygon", "coordinates": [[[76.94659491572374, 8.496363606889787], [76.94663292882883, 8.496350105722982], [76.94665425848947, 8.496408849346295], [76.94661624538438, 8.49642235051104], [76.94659491572374, 8.496363606889787]]]}}, {"type": "Feature", "properties": {"building_local_id": "MSB-0287", "source": "microsoft-global-ml-building-footprints"}, "geometry": {"type": "Polygon", "coordinates": [[[76.94710071580387, 8.494069314431755], [76.94710032345827, 8.494057691067894], [76.94717706185313, 8.49405515728364], [76.94717951637774, 8.494127721229091], [76.9470321598054, 8.494132596916714], [76.9470300982685, 8.494071651002798], [76.94710071580387, 8.494069314431755]]]}}, {"type": "Feature", "properties": {"building_local_id": "MSB-0288", "source": "microsoft-global-ml-building-footprints"}, "geometry": {"type": "Polygon", "coordinates": [[[76.94813174028414, 8.49659801481188], [76.94794238333839, 8.496612157707801], [76.94793828178257, 8.496558441449906], [76.94787960749102, 8.496562819717752], [76.94787545169987, 8.496508393157342], [76.94790212169225, 8.496506401199667], [76.94789184997465, 8.496371877018305], [76.94792807739563, 8.496369171223932], [76.94793029082251, 8.496398186400114], [76.94806475339428, 8.496388143508895], [76.94806153089465, 8.496345939836203], [76.94814843339245, 8.496339449164225], [76.94815185414309, 8.496384290802723], [76.94820897275925, 8.496380024663381], [76.94821642478968, 8.496477620640732], [76.94816575180418, 8.496481405360612], [76.94816877289756, 8.496520971289883], [76.94812610090982, 8.496524158422048], [76.94813174028414, 8.49659801481188]]]}}, {"type": "Feature", "properties": {"building_local_id": "MSB-0289", "source": "microsoft-global-ml-building-footprints"}, "geometry": {"type": "Polygon", "coordinates": [[[76.94548460460437, 8.49379233933108], [76.9454893108819, 8.493906219040895], [76.94542675408483, 8.49390874790835], [76.94542203976211, 8.493794868524517], [76.94548460460437, 8.49379233933108]]]}}, {"type": "Feature", "properties": {"building_local_id": "MSB-0290", "source": "microsoft-global-ml-building-footprints"}, "geometry": {"type": "Polygon", "coordinates": [[[76.94590352896438, 8.498203234548427], [76.94596622155197, 8.498342814920704], [76.94580717035645, 8.498412692699205], [76.94574447776884, 8.49827311235238], [76.94590352896438, 8.498203234548427]]]}}, {"type": "Feature", "properties": {"building_local_id": "MSB-0291", "source": "microsoft-global-ml-building-footprints"}, "geometry": {"type": "Polygon", "coordinates": [[[76.94668428588561, 8.493267963366819], [76.94677852199844, 8.493289444071337], [76.94674412147756, 8.4934370675727], [76.94664988680815, 8.493415580682466], [76.94668428588561, 8.493267963366819]]]}}, {"type": "Feature", "properties": {"building_local_id": "MSB-0292", "source": "microsoft-global-ml-building-footprints"}, "geometry": {"type": "Polygon", "coordinates": [[[76.94694532054245, 8.4943657995899], [76.94695091731934, 8.494410206967629], [76.94689281154739, 8.494417370402829], [76.9468872147705, 8.494372963025938], [76.94694532054245, 8.4943657995899]]]}}, {"type": "Feature", "properties": {"building_local_id": "MSB-0293", "source": "microsoft-global-ml-building-footprints"}, "geometry": {"type": "Polygon", "coordinates": [[[76.9474902034999, 8.498555788007536], [76.94749252065508, 8.498606085975524], [76.94735741504886, 8.498612174159248], [76.94735510144567, 8.498561876032014], [76.9474902034999, 8.498555788007536]]]}}, {"type": "Feature", "properties": {"building_local_id": "MSB-0294", "source": "microsoft-global-ml-building-footprints"}, "geometry": {"type": "Polygon", "coordinates": [[[76.94753874581434, 8.498215129518755], [76.94758044119337, 8.49820807572155], [76.94759648842808, 8.49830086027437], [76.94755479304904, 8.498307914069855], [76.94753874581434, 8.498215129518755]]]}}, {"type": "Feature", "properties": {"building_local_id": "MSB-0295", "source": "microsoft-global-ml-building-footprints"}, "geometry": {"type": "Polygon", "coordinates": [[[76.94551632482447, 8.49372879816778], [76.94558598926416, 8.493731026049034], [76.94558012212802, 8.493910097714434], [76.94551045784611, 8.493907865017022], [76.94551632482447, 8.49372879816778]]]}}, {"type": "Feature", "properties": {"building_local_id": "MSB-0296", "source": "microsoft-global-ml-building-footprints"}, "geometry": {"type": "Polygon", "coordinates": [[[76.94873105266095, 8.495243990659702], [76.94873833304001, 8.495050605762643], [76.9487919029524, 8.495052578503262], [76.94879060644654, 8.495087016916543], [76.94884417635888, 8.495088989656992], [76.94884647017693, 8.49502806015478], [76.94888664761123, 8.495029539710345], [76.94887607610193, 8.495310345160703], [76.94876625778157, 8.495306301045133], [76.94876855159963, 8.495245371577425], [76.94873105266095, 8.495243990659702]]]}}, {"type": "Feature", "properties": {"building_local_id": "MSB-0297", "source": "microsoft-global-ml-building-footprints"}, "geometry": {"type": "Polygon", "coordinates": [[[76.94371611426604, 8.495432254646403], [76.94363814609687, 8.495377717718029], [76.9436943843961, 8.495299071863002], [76.9436890208128, 8.495295319788383], [76.94370672299009, 8.495270564362116], [76.94379005704705, 8.495328860389222], [76.94371611426604, 8.495432254646403]]]}}, {"type": "Feature", "properties": {"building_local_id": "MSB-0298", "source": "microsoft-global-ml-building-footprints"}, "geometry": {"type": "Polygon", "coordinates": [[[76.94705641498838, 8.493542571191469], [76.94700225704017, 8.493553289234072], [76.9469785190769, 8.493435958614612], [76.9470326770251, 8.493425240568712], [76.94705641498838, 8.493542571191469]]]}}, {"type": "Feature", "properties": {"building_local_id": "MSB-0299", "source": "microsoft-global-ml-building-footprints"}, "geometry": {"type": "Polygon", "coordinates": [[[76.94735042252734, 8.493834261443311], [76.94738637368734, 8.493826760861381], [76.94739774933085, 8.49388009611748], [76.94736179817085, 8.493887596698357], [76.94735042252734, 8.493834261443311]]]}}, {"type": "Feature", "properties": {"building_local_id": "MSB-0300", "source": "microsoft-global-ml-building-footprints"}, "geometry": {"type": "Polygon", "coordinates": [[[76.94437644570544, 8.49678800065611], [76.9444460215042, 8.49670332336406], [76.94448802229778, 8.496737080271402], [76.94452871757632, 8.496687552039688], [76.94462402706934, 8.49676415425138], [76.94458595729265, 8.496810487104227], [76.94454303109937, 8.49677598644054], [76.94447083354399, 8.496863862095225], [76.94437644570544, 8.49678800065611]]]}}, {"type": "Feature", "properties": {"building_local_id": "MSB-0301", "source": "microsoft-global-ml-building-footprints"}, "geometry": {"type": "Polygon", "coordinates": [[[76.94621036709296, 8.49598267848613], [76.94628769250403, 8.495947298302482], [76.94633267075723, 8.496043440636797], [76.94625534534616, 8.496078820811576], [76.94621036709296, 8.49598267848613]]]}}, {"type": "Feature", "properties": {"building_local_id": "MSB-0302", "source": "microsoft-global-ml-building-footprints"}, "geometry": {"type": "Polygon", "coordinates": [[[76.94638469917413, 8.49502522067705], [76.94626333897328, 8.49504071150551], [76.9462539442811, 8.494968716562113], [76.94637530340368, 8.494953217467796], [76.94638469917413, 8.49502522067705]]]}}, {"type": "Feature", "properties": {"building_local_id": "MSB-0303", "source": "microsoft-global-ml-building-footprints"}, "geometry": {"type": "Polygon", "coordinates": [[[76.94682603431843, 8.495661341448027], [76.94659124569561, 8.495717200463716], [76.94657782384019, 8.495662032587504], [76.94662498969684, 8.495650811266287], [76.94661340128158, 8.49560316551623], [76.94680102773819, 8.495558526930182], [76.94682603431843, 8.495661341448027]]]}}, {"type": "Feature", "properties": {"building_local_id": "MSB-0304", "source": "microsoft-global-ml-building-footprints"}, "geometry": {"type": "Polygon", "coordinates": [[[76.94752462127248, 8.496573706423575], [76.94755410064195, 8.496572859582372], [76.94755639266373, 8.496650717707041], [76.94746259486088, 8.496653418688481], [76.94745952237369, 8.496549048781262], [76.947523840998, 8.496547201127598], [76.94752462127248, 8.496573706423575]]]}}, {"type": "Feature", "properties": {"building_local_id": "MSB-0305", "source": "microsoft-global-ml-building-footprints"}, "geometry": {"type": "Polygon", "coordinates": [[[76.94896768861086, 8.494826680205378], [76.94897558516752, 8.494990780479824], [76.94893913640168, 8.494992498654938], [76.94893122825873, 8.494828398927396], [76.94896768861086, 8.494826680205378]]]}}, {"type": "Feature", "properties": {"building_local_id": "MSB-0306", "source": "microsoft-global-ml-building-footprints"}, "geometry": {"type": "Polygon", "coordinates": [[[76.94334190015394, 8.49578163083028], [76.9432241750394, 8.495878710167318], [76.9431212789854, 8.495756644516433], [76.94314564607811, 8.495736550743459], [76.9429807403896, 8.495540939355934], [76.94307409331576, 8.495463957923675], [76.94334190015394, 8.49578163083028]]]}}, {"type": "Feature", "properties": {"building_local_id": "MSB-0307", "source": "microsoft-global-ml-building-footprints"}, "geometry": {"type": "Polygon", "coordinates": [[[76.94652183741869, 8.494828326359865], [76.94670532817152, 8.494818177934988], [76.94671346178151, 8.494962030315122], [76.94670009259639, 8.494962770657224], [76.946705416127, 8.4950569234759], [76.9465931145339, 8.495063134598595], [76.94659341358265, 8.495068423621746], [76.94644470036451, 8.495076648580863], [76.94644170614612, 8.495023758553572], [76.94640860146839, 8.495025589491377], [76.94640238195316, 8.494915590133218], [76.9464906185749, 8.494910703874751], [76.94649265175221, 8.494946662983125], [76.94652842469912, 8.494944684469559], [76.94652183741869, 8.494828326359865]]]}}, {"type": "Feature", "properties": {"building_local_id": "MSB-0308", "source": "microsoft-global-ml-building-footprints"}, "geometry": {"type": "Polygon", "coordinates": [[[76.94834386809403, 8.49830310459312], [76.94812565128557, 8.498313119235817], [76.948121591469, 8.498226718987226], [76.94833981367131, 8.49821668898926], [76.94834386809403, 8.49830310459312]]]}}, {"type": "Feature", "properties": {"building_local_id": "MSB-0309", "source": "microsoft-global-ml-building-footprints"}, "geometry": {"type": "Polygon", "coordinates": [[[76.94883227348328, 8.494494497196143], [76.94891273975372, 8.494494497196143], [76.94891273975372, 8.494574080748322], [76.94883227348328, 8.494574080748322], [76.94883227348328, 8.494494497196143]]]}}, {"type": "Feature", "properties": {"building_local_id": "MSB-0310", "source": "microsoft-global-ml-building-footprints"}, "geometry": {"type": "Polygon", "coordinates": [[[76.94319943352912, 8.49793798113042], [76.94316031155486, 8.497993011774142], [76.94311723424454, 8.497963056323385], [76.94315635621885, 8.497908025675386], [76.94319943352912, 8.49793798113042]]]}}, {"type": "Feature", "properties": {"building_local_id": "MSB-0311", "source": "microsoft-global-ml-building-footprints"}, "geometry": {"type": "Polygon", "coordinates": [[[76.94476478764533, 8.49685277458805], [76.94480090560336, 8.496827891023784], [76.94477071394299, 8.496785025186597], [76.94481586139052, 8.49675392072551], [76.94489763047079, 8.496870015699528], [76.9448163650652, 8.496926003710726], [76.94476478764533, 8.49685277458805]]]}}, {"type": "Feature", "properties": {"building_local_id": "MSB-0312", "source": "microsoft-global-ml-building-footprints"}, "geometry": {"type": "Polygon", "coordinates": [[[76.94654079557334, 8.496117275179785], [76.94642993279626, 8.496147196116482], [76.94640473402339, 8.496055844408488], [76.94651559078396, 8.496025925088503], [76.94654079557334, 8.496117275179785]]]}}, {"type": "Feature", "properties": {"building_local_id": "MSB-0313", "source": "microsoft-global-ml-building-footprints"}, "geometry": {"type": "Polygon", "coordinates": [[[76.94676494586594, 8.496274526810538], [76.94674635225329, 8.4963233016327], [76.9467064297402, 8.496308414850432], [76.94672502335284, 8.49625964002638], [76.94676494586594, 8.496274526810538]]]}}, {"type": "Feature", "properties": {"building_local_id": "MSB-0314", "source": "microsoft-global-ml-building-footprints"}, "geometry": {"type": "Polygon", "coordinates": [[[76.9483474320952, 8.494101284152464], [76.94829750198335, 8.494108383222667], [76.94829221307585, 8.494071996166284], [76.94834214318769, 8.494064897095427], [76.9483474320952, 8.494101284152464]]]}}, {"type": "Feature", "properties": {"building_local_id": "MSB-0315", "source": "microsoft-global-ml-building-footprints"}, "geometry": {"type": "Polygon", "coordinates": [[[76.94346012651137, 8.493050421144233], [76.94350467924023, 8.493051192143568], [76.94350358202472, 8.49311346160951], [76.94345902483609, 8.493112693617448], [76.94346012651137, 8.493050421144233]]]}}, {"type": "Feature", "properties": {"building_local_id": "MSB-0316", "source": "microsoft-global-ml-building-footprints"}, "geometry": {"type": "Polygon", "coordinates": [[[76.94401246782837, 8.495731959404978], [76.94405145272675, 8.495682332880065], [76.94413006355077, 8.49574273902536], [76.94403909878784, 8.495858534221952], [76.9439303816908, 8.495774993830906], [76.94398236155533, 8.49570882513703], [76.94401246782837, 8.495731959404978]]]}}, {"type": "Feature", "properties": {"building_local_id": "MSB-0317", "source": "microsoft-global-ml-building-footprints"}, "geometry": {"type": "Polygon", "coordinates": [[[76.9451259750952, 8.497115800721318], [76.94520281294976, 8.497009432329108], [76.94518582339448, 8.496997428623501], [76.94522570432811, 8.496942215116448], [76.94532870347473, 8.497014994693231], [76.94521199023258, 8.497176579307975], [76.9451259750952, 8.497115800721318]]]}}, {"type": "Feature", "properties": {"building_local_id": "MSB-0318", "source": "microsoft-global-ml-building-footprints"}, "geometry": {"type": "Polygon", "coordinates": [[[76.94803953822252, 8.495833669189722], [76.94804619911284, 8.495950018312584], [76.94778685627364, 8.495964541407545], [76.94778307167684, 8.495898433958217], [76.9478686280774, 8.495893642833337], [76.94786575178384, 8.495843401163597], [76.94803953822252, 8.495833669189722]]]}}, {"type": "Feature", "properties": {"building_local_id": "MSB-0319", "source": "microsoft-global-ml-building-footprints"}, "geometry": {"type": "Polygon", "coordinates": [[[76.94423006622003, 8.498271734752066], [76.94396407307424, 8.498383275467333], [76.943894659151, 8.498221384633155], [76.94401409699073, 8.498171299934171], [76.94405072699185, 8.498256744487719], [76.94419728742295, 8.498195286288876], [76.94423006622003, 8.498271734752066]]]}}, {"type": "Feature", "properties": {"building_local_id": "MSB-0320", "source": "microsoft-global-ml-building-footprints"}, "geometry": {"type": "Polygon", "coordinates": [[[76.94524170234442, 8.4972737620906], [76.94529373513421, 8.49733074314905], [76.94526714429178, 8.497354494661906], [76.94529115942554, 8.497380793607476], [76.9451560686616, 8.497501459554655], [76.945080023984, 8.497418176681009], [76.94524170234442, 8.4972737620906]]]}}, {"type": "Feature", "properties": {"building_local_id": "MSB-0321", "source": "microsoft-global-ml-building-footprints"}, "geometry": {"type": "Polygon", "coordinates": [[[76.94789468067093, 8.497338610165485], [76.94828327805831, 8.497270421418634], [76.9483106724366, 8.497423068991637], [76.94792206925489, 8.49749128562739], [76.94789468067093, 8.497338610165485]]]}}, {"type": "Feature", "properties": {"building_local_id": "MSB-0322", "source": "microsoft-global-ml-building-footprints"}, "geometry": {"type": "Polygon", "coordinates": [[[76.94306250398003, 8.49445196743254], [76.94308649617066, 8.49438170007727], [76.94313311972071, 8.494397268721954], [76.94310913100466, 8.494467540462225], [76.94306250398003, 8.49445196743254]]]}}, {"type": "Feature", "properties": {"building_local_id": "MSB-0323", "source": "microsoft-global-ml-building-footprints"}, "geometry": {"type": "Polygon", "coordinates": [[[76.94356923707147, 8.496867446319015], [76.9437324635516, 8.49690414428379], [76.943742624546, 8.496859936532658], [76.94383699128248, 8.496881146333223], [76.94382242871492, 8.49694450413891], [76.94375383693543, 8.496951189271059], [76.94374318282627, 8.496997542420502], [76.94375161157481, 8.497082136212569], [76.94381626407029, 8.497096667453178], [76.94382186059937, 8.497152876034363], [76.94373535947587, 8.497161300665255], [76.94373378882023, 8.497145537034854], [76.94373283580859, 8.497145629851829], [76.94364756899841, 8.497126459455274], [76.94364192240423, 8.497069748042705], [76.94363212737667, 8.49711237667195], [76.94360111197646, 8.497105403530071], [76.94353130174183, 8.497112202580908], [76.94348837615023, 8.49710255466141], [76.9435025882684, 8.497040721592], [76.9435300245337, 8.497038049482441], [76.94356923707147, 8.496867446319015]]]}}, {"type": "Feature", "properties": {"building_local_id": "MSB-0324", "source": "microsoft-global-ml-building-footprints"}, "geometry": {"type": "Polygon", "coordinates": [[[76.94381742055444, 8.494812871956384], [76.94393418203045, 8.494765040648687], [76.94396642327787, 8.494842027659885], [76.94384966180186, 8.494889858957976], [76.94381742055444, 8.494812871956384]]]}}, {"type": "Feature", "properties": {"building_local_id": "MSB-0325", "source": "microsoft-global-ml-building-footprints"}, "geometry": {"type": "Polygon", "coordinates": [[[76.94447634094008, 8.495286165888686], [76.94453264575478, 8.495253992279345], [76.94456338229921, 8.49530660192778], [76.94450707919155, 8.495338778454567], [76.94447634094008, 8.495286165888686]]]}}, {"type": "Feature", "properties": {"building_local_id": "MSB-0326", "source": "microsoft-global-ml-building-footprints"}, "geometry": {"type": "Polygon", "coordinates": [[[76.9458723164663, 8.496492851781397], [76.94593836387705, 8.496474440957456], [76.94596456766887, 8.496566392951294], [76.9458985274933, 8.496584806325359], [76.9458723164663, 8.496492851781397]]]}}, {"type": "Feature", "properties": {"building_local_id": "MSB-0327", "source": "microsoft-global-ml-building-footprints"}, "geometry": {"type": "Polygon", "coordinates": [[[76.94380854854914, 8.49415026465789], [76.94399101875673, 8.494180982730299], [76.94396641781233, 8.494323986678651], [76.9439576528489, 8.494322511742212], [76.94393745089646, 8.494439896264097], [76.94380285438257, 8.494417237537078], [76.94379643554959, 8.494454549845429], [76.94370780613734, 8.494439635612153], [76.94373663488828, 8.494272055700165], [76.94378616308921, 8.494280390128353], [76.94380854854914, 8.49415026465789]]]}}, {"type": "Feature", "properties": {"building_local_id": "MSB-0328", "source": "microsoft-global-ml-building-footprints"}, "geometry": {"type": "Polygon", "coordinates": [[[76.94443008457515, 8.493222747481909], [76.94434435104904, 8.49321989294765], [76.94434660588188, 8.493153648163542], [76.944432339408, 8.49315650269827], [76.94443008457515, 8.493222747481909]]]}}, {"type": "Feature", "properties": {"building_local_id": "MSB-0329", "source": "microsoft-global-ml-building-footprints"}, "geometry": {"type": "Polygon", "coordinates": [[[76.94454551273598, 8.496905675049348], [76.94459528986108, 8.497032461104581], [76.94454867417234, 8.49705036319412], [76.94449889704724, 8.496923577144813], [76.94454551273598, 8.496905675049348]]]}}, {"type": "Feature", "properties": {"building_local_id": "MSB-0330", "source": "microsoft-global-ml-building-footprints"}, "geometry": {"type": "Polygon", "coordinates": [[[76.94464894560801, 8.49604605193855], [76.94462829180686, 8.49606952492195], [76.94458312452366, 8.496030649857587], [76.94460377581406, 8.496007177837527], [76.94464894560801, 8.49604605193855]]]}}, {"type": "Feature", "properties": {"building_local_id": "MSB-0331", "source": "microsoft-global-ml-building-footprints"}, "geometry": {"type": "Polygon", "coordinates": [[[76.94477495524329, 8.496180577248808], [76.94485828441059, 8.496255274205765], [76.94472481962552, 8.496400912566088], [76.94464149611655, 8.496326220709648], [76.94477495524329, 8.496180577248808]]]}}, {"type": "Feature", "properties": {"building_local_id": "MSB-0332", "source": "microsoft-global-ml-building-footprints"}, "geometry": {"type": "Polygon", "coordinates": [[[76.94536924008256, 8.49886981064347], [76.94537052399433, 8.498890956430799], [76.9454681188485, 8.498885160178503], [76.9454748515574, 8.498996176009427], [76.945313122813, 8.499005781232384], [76.94531328330194, 8.499008424454956], [76.94526517701335, 8.499011281532816], [76.94526405359056, 8.498992778974767], [76.94528810673488, 8.498991350435773], [76.9452810452201, 8.498875048621457], [76.94536924008256, 8.49886981064347]]]}}, {"type": "Feature", "properties": {"building_local_id": "MSB-0333", "source": "microsoft-global-ml-building-footprints"}, "geometry": {"type": "Polygon", "coordinates": [[[76.94543843787122, 8.495351528941498], [76.94549456375056, 8.49534821108108], [76.94550086225124, 8.495452433036732], [76.94544473660586, 8.495455754767505], [76.94543843787122, 8.495351528941498]]]}}, {"type": "Feature", "properties": {"building_local_id": "MSB-0334", "source": "microsoft-global-ml-building-footprints"}, "geometry": {"type": "Polygon", "coordinates": [[[76.94643486601173, 8.496386917766571], [76.94650300510946, 8.496388431806452], [76.94650024319313, 8.496510397941194], [76.94643209546878, 8.496508883710106], [76.94643486601173, 8.496386917766571]]]}}, {"type": "Feature", "properties": {"building_local_id": "MSB-0335", "source": "microsoft-global-ml-building-footprints"}, "geometry": {"type": "Polygon", "coordinates": [[[76.94813503827119, 8.494506276050032], [76.9482153671047, 8.49450298982741], [76.94821846826542, 8.49457714094099], [76.94813813943196, 8.494580427162973], [76.94813503827119, 8.494506276050032]]]}}, {"type": "Feature", "properties": {"building_local_id": "MSB-0336", "source": "microsoft-global-ml-building-footprints"}, "geometry": {"type": "Polygon", "coordinates": [[[76.94820972906653, 8.498732159982467], [76.94829277625215, 8.49872929145694], [76.94829436677989, 8.49877433336897], [76.9482113195943, 8.498777201894157], [76.94820972906653, 8.498732159982467]]]}}, {"type": "Feature", "properties": {"building_local_id": "MSB-0337", "source": "microsoft-global-ml-building-footprints"}, "geometry": {"type": "Polygon", "coordinates": [[[76.94463624745256, 8.493223727591428], [76.94457998669323, 8.493225628078392], [76.9445782481389, 8.493175283715104], [76.94463450889822, 8.493173383227884], [76.94463624745256, 8.493223727591428]]]}}, {"type": "Feature", "properties": {"building_local_id": "MSB-0338", "source": "microsoft-global-ml-building-footprints"}, "geometry": {"type": "Polygon", "coordinates": [[[76.94618311670848, 8.496208684622971], [76.9463346463068, 8.496152579022933], [76.94635666394136, 8.4962107460791], [76.94620513073274, 8.496266853007398], [76.94618311670848, 8.496208684622971]]]}}, {"type": "Feature", "properties": {"building_local_id": "MSB-0339", "source": "microsoft-global-ml-building-footprints"}, "geometry": {"type": "Polygon", "coordinates": [[[76.94326932365541, 8.492961422302358], [76.94336472104388, 8.492951008532614], [76.94338358107686, 8.493120011114812], [76.94324313599353, 8.493135352095976], [76.94322573728213, 8.492979444257315], [76.9432707860489, 8.49297452664409], [76.94326932365541, 8.492961422302358]]]}}, {"type": "Feature", "properties": {"building_local_id": "MSB-0340", "source": "microsoft-global-ml-building-footprints"}, "geometry": {"type": "Polygon", "coordinates": [[[76.94382033997427, 8.493205798990218], [76.94381989776484, 8.49317802566408], [76.94387991382128, 8.493177095081293], [76.94388035399997, 8.493204864284735], [76.94382033997427, 8.493205798990218]]]}}, {"type": "Feature", "properties": {"building_local_id": "MSB-0341", "source": "microsoft-global-ml-building-footprints"}, "geometry": {"type": "Polygon", "coordinates": [[[76.94396204284166, 8.494843758851147], [76.94399765249057, 8.494909892214238], [76.94387227694922, 8.494975927786896], [76.94383666730032, 8.494909794435202], [76.94396204284166, 8.494843758851147]]]}}, {"type": "Feature", "properties": {"building_local_id": "MSB-0342", "source": "microsoft-global-ml-building-footprints"}, "geometry": {"type": "Polygon", "coordinates": [[[76.94455209505627, 8.493669684166207], [76.94449052604969, 8.49367239472133], [76.94448678389683, 8.493589116831657], [76.94454835309453, 8.493586410529403], [76.94455209505627, 8.493669684166207]]]}}, {"type": "Feature", "properties": {"building_local_id": "MSB-0343", "source": "microsoft-global-ml-building-footprints"}, "geometry": {"type": "Polygon", "coordinates": [[[76.94530385370116, 8.496634352086971], [76.94540894285791, 8.496574898909884], [76.94548524005023, 8.49670681736636], [76.94538015089348, 8.496766270522997], [76.94530385370116, 8.496634352086971]]]}}, {"type": "Feature", "properties": {"building_local_id": "MSB-0344", "source": "microsoft-global-ml-building-footprints"}, "geometry": {"type": "Polygon", "coordinates": [[[76.94634915536415, 8.493899357616044], [76.94634710757154, 8.493989506945283], [76.94629617130981, 8.493988375142592], [76.94629821910243, 8.493898225813112], [76.94634915536415, 8.493899357616044]]]}}, {"type": "Feature", "properties": {"building_local_id": "MSB-0345", "source": "microsoft-global-ml-building-footprints"}, "geometry": {"type": "Polygon", "coordinates": [[[76.94723588110195, 8.49682723252036], [76.94723782419271, 8.496885530088221], [76.94725657927516, 8.496884918618122], [76.94725993552281, 8.496985614396493], [76.94722242535791, 8.496986837336365], [76.94722401515943, 8.49703453532726], [76.94710076747471, 8.497038553557772], [76.94709764205486, 8.496944783202679], [76.94705477319616, 8.496946177884226], [76.94705100957486, 8.496833259869376], [76.94723588110195, 8.49682723252036]]]}}, {"type": "Feature", "properties": {"building_local_id": "MSB-0346", "source": "microsoft-global-ml-building-footprints"}, "geometry": {"type": "Polygon", "coordinates": [[[76.94334693732402, 8.49509422370707], [76.94341173409406, 8.495149298604588], [76.9433573740898, 8.495211858590139], [76.94329257731977, 8.495156783701603], [76.94334693732402, 8.49509422370707]]]}}, {"type": "Feature", "properties": {"building_local_id": "MSB-0347", "source": "microsoft-global-ml-building-footprints"}, "geometry": {"type": "Polygon", "coordinates": [[[76.94357429937521, 8.49484710084485], [76.9435264423083, 8.494901155681319], [76.94350518780158, 8.494882748781208], [76.9435530448685, 8.494828693942182], [76.94357429937521, 8.49484710084485]]]}}, {"type": "Feature", "properties": {"building_local_id": "MSB-0348", "source": "microsoft-global-ml-building-footprints"}, "geometry": {"type": "Polygon", "coordinates": [[[76.94619689039368, 8.495586518255166], [76.94606634948843, 8.495631599605161], [76.9460383077163, 8.49555218788528], [76.94616885078689, 8.495507096741875], [76.94619689039368, 8.495586518255166]]]}}, {"type": "Feature", "properties": {"building_local_id": "MSB-0349", "source": "microsoft-global-ml-building-footprints"}, "geometry": {"type": "Polygon", "coordinates": [[[76.94630322603442, 8.498002211499866], [76.94640085127662, 8.497998224481691], [76.94640366499408, 8.498065501996123], [76.9464197307608, 8.498064844757721], [76.94642183511985, 8.498115161119088], [76.94630813608522, 8.498119812460374], [76.94630322603442, 8.498002211499866]]]}}, {"type": "Feature", "properties": {"building_local_id": "MSB-0350", "source": "microsoft-global-ml-building-footprints"}, "geometry": {"type": "Polygon", "coordinates": [[[76.94663798988654, 8.496145037195234], [76.94667458044444, 8.49626809013067], [76.94661184059028, 8.496286338984177], [76.94663114955256, 8.496351289876372], [76.9465422733327, 8.496377134736719], [76.94651759344204, 8.496294117284947], [76.94658425060695, 8.49627473363563], [76.94657045890337, 8.496228341520052], [76.9465457710645, 8.49623552065043], [76.94652834996523, 8.496176920076422], [76.94663798988654, 8.496145037195234]]]}}, {"type": "Feature", "properties": {"building_local_id": "MSB-0351", "source": "microsoft-global-ml-building-footprints"}, "geometry": {"type": "Polygon", "coordinates": [[[76.9475540683521, 8.496080360980173], [76.94765866055528, 8.496079166388427], [76.94765980646113, 8.496177305940364], [76.9475552142579, 8.496178500531812], [76.9475540683521, 8.496080360980173]]]}}, {"type": "Feature", "properties": {"building_local_id": "MSB-0352", "source": "microsoft-global-ml-building-footprints"}, "geometry": {"type": "Polygon", "coordinates": [[[76.94877002263352, 8.49431070227422], [76.9487758676809, 8.494365804293267], [76.94855832103032, 8.494388377445873], [76.94855275431854, 8.494335899335766], [76.94860846748519, 8.49433011840577], [76.94860818914958, 8.494327494500041], [76.94877002263352, 8.49431070227422]]]}}, {"type": "Feature", "properties": {"building_local_id": "MSB-0353", "source": "microsoft-global-ml-building-footprints"}, "geometry": {"type": "Polygon", "coordinates": [[[76.94350434243933, 8.49497639814588], [76.94355955232474, 8.494934642464926], [76.94352719607367, 8.494892794199671], [76.94361076455489, 8.49482959066873], [76.94367868520811, 8.49491742846179], [76.94361775935762, 8.494963511392314], [76.94364235069807, 8.494995313920313], [76.9436914298554, 8.494958191563157], [76.94374647048745, 8.495029372358758], [76.94361953734546, 8.49512537288581], [76.94350434243933, 8.49497639814588]]]}}, {"type": "Feature", "properties": {"building_local_id": "MSB-0354", "source": "microsoft-global-ml-building-footprints"}, "geometry": {"type": "Polygon", "coordinates": [[[76.94386079714991, 8.497172092289617], [76.94379395978679, 8.497243753107227], [76.94376579055825, 8.497218053569227], [76.94383263066105, 8.49714639524629], [76.94386079714991, 8.497172092289617]]]}}, {"type": "Feature", "properties": {"building_local_id": "MSB-0355", "source": "microsoft-global-ml-building-footprints"}, "geometry": {"type": "Polygon", "coordinates": [[[76.94495830626747, 8.49886203963149], [76.94496367475635, 8.498940087624135], [76.94476472957238, 8.498953473065754], [76.94475709339538, 8.498842571138198], [76.944837188607, 8.498837182165929], [76.94483518865587, 8.49880813641731], [76.94492596322901, 8.498802028914824], [76.94493022550382, 8.498863930907248], [76.94495830626747, 8.49886203963149]]]}}, {"type": "Feature", "properties": {"building_local_id": "MSB-0356", "source": "microsoft-global-ml-building-footprints"}, "geometry": {"type": "Polygon", "coordinates": [[[76.94573583563799, 8.494164418441812], [76.94585005435631, 8.494168585085092], [76.94584704905103, 8.494249171017685], [76.94573283573378, 8.494245012478288], [76.94573583563799, 8.494164418441812]]]}}, {"type": "Feature", "properties": {"building_local_id": "MSB-0357", "source": "microsoft-global-ml-building-footprints"}, "geometry": {"type": "Polygon", "coordinates": [[[76.94605350494385, 8.498977678232635], [76.94605350494385, 8.499025427807751], [76.94599986076355, 8.499025427807751], [76.94599986076355, 8.498977678232635], [76.94605350494385, 8.498977678232635]]]}}, {"type": "Feature", "properties": {"building_local_id": "MSB-0358", "source": "microsoft-global-ml-building-footprints"}, "geometry": {"type": "Polygon", "coordinates": [[[76.94633724282392, 8.495791803166199], [76.94639367540736, 8.495943729388372], [76.94628023894295, 8.495984945369415], [76.9462238063595, 8.495833019163527], [76.94633724282392, 8.495791803166199]]]}}, {"type": "Feature", "properties": {"building_local_id": "MSB-0359", "source": "microsoft-global-ml-building-footprints"}, "geometry": {"type": "Polygon", "coordinates": [[[76.9488000869751, 8.495534387642863], [76.94885909557343, 8.495534387642863], [76.94885909557343, 8.49559540153561], [76.9488000869751, 8.49559540153561], [76.9488000869751, 8.495534387642863]]]}}, {"type": "Feature", "properties": {"building_local_id": "MSB-0360", "source": "microsoft-global-ml-building-footprints"}, "geometry": {"type": "Polygon", "coordinates": [[[76.94309805832849, 8.494466991600746], [76.94309458738532, 8.494493067521873], [76.94305670915361, 8.49448813559593], [76.94306018191061, 8.494462059910632], [76.94309805832849, 8.494466991600746]]]}}, {"type": "Feature", "properties": {"building_local_id": "MSB-0361", "source": "microsoft-global-ml-building-footprints"}, "geometry": {"type": "Polygon", "coordinates": [[[76.94465400691638, 8.498408194779984], [76.94457946110842, 8.498445739555706], [76.94455668415017, 8.498401503181853], [76.94463122995815, 8.498363958401796], [76.94465400691638, 8.498408194779984]]]}}, {"type": "Feature", "properties": {"building_local_id": "MSB-0362", "source": "microsoft-global-ml-building-footprints"}, "geometry": {"type": "Polygon", "coordinates": [[[76.94536987556378, 8.494246161140524], [76.94528256019925, 8.49422080629418], [76.94531623184967, 8.494107407031152], [76.94534092436271, 8.494114579014209], [76.94539209762381, 8.493942237828776], [76.94545470139246, 8.493960416875609], [76.94536987556378, 8.494246161140524]]]}}, {"type": "Feature", "properties": {"building_local_id": "MSB-0363", "source": "microsoft-global-ml-building-footprints"}, "geometry": {"type": "Polygon", "coordinates": [[[76.94618607934827, 8.493907446980003], [76.94626905583638, 8.493903713557629], [76.94627276427858, 8.49398421285288], [76.94618978805448, 8.493987952006265], [76.94618607934827, 8.493907446980003]]]}}, {"type": "Feature", "properties": {"building_local_id": "MSB-0364", "source": "microsoft-global-ml-building-footprints"}, "geometry": {"type": "Polygon", "coordinates": [[[76.94620908801535, 8.498468544317035], [76.94639068582542, 8.498400124401982], [76.94647722439937, 8.498624837082772], [76.94629564047604, 8.498693251725697], [76.94620908801535, 8.498468544317035]]]}}, {"type": "Feature", "properties": {"building_local_id": "MSB-0365", "source": "microsoft-global-ml-building-footprints"}, "geometry": {"type": "Polygon", "coordinates": [[[76.94752509317088, 8.49419890798903], [76.94754418986088, 8.494283213049528], [76.94741649079486, 8.494311517017394], [76.94739739219824, 8.494227203546117], [76.94752509317088, 8.49419890798903]]]}}, {"type": "Feature", "properties": {"building_local_id": "MSB-0366", "source": "microsoft-global-ml-building-footprints"}, "geometry": {"type": "Polygon", "coordinates": [[[76.94844314564253, 8.49886108560844], [76.94853296038382, 8.498863852172548], [76.94852806683924, 8.499019248029526], [76.94843826288893, 8.499016488015172], [76.94844314564253, 8.49886108560844]]]}}, {"type": "Feature", "properties": {"building_local_id": "MSB-0367", "source": "microsoft-global-ml-building-footprints"}, "geometry": {"type": "Polygon", "coordinates": [[[76.94848456492305, 8.493312209810583], [76.94848184789852, 8.493391702767411], [76.94835592796989, 8.493387492778979], [76.94835650394702, 8.493370641211683], [76.94823862118204, 8.493366708096374], [76.948240762508, 8.493304058554685], [76.94848456492305, 8.493312209810583]]]}}, {"type": "Feature", "properties": {"building_local_id": "MSB-0368", "source": "microsoft-global-ml-building-footprints"}, "geometry": {"type": "Polygon", "coordinates": [[[76.94329782478223, 8.493440769628506], [76.94330002251131, 8.493512328998747], [76.94325982646293, 8.493513536568571], [76.94325762873386, 8.493441977198543], [76.94329782478223, 8.493440769628506]]]}}, {"type": "Feature", "properties": {"building_local_id": "MSB-0369", "source": "microsoft-global-ml-building-footprints"}, "geometry": {"type": "Polygon", "coordinates": [[[76.94334695229936, 8.498795722268738], [76.9434986243275, 8.498758651088508], [76.9435345479513, 8.498902458562483], [76.94343212698499, 8.498927484860914], [76.94344212239245, 8.498967486581876], [76.94339286619093, 8.49897952220563], [76.94334695229936, 8.498795722268738]]]}}, {"type": "Feature", "properties": {"building_local_id": "MSB-0370", "source": "microsoft-global-ml-building-footprints"}, "geometry": {"type": "Polygon", "coordinates": [[[76.94423963763582, 8.494552932185229], [76.94432652305771, 8.494719345869882], [76.9442587627941, 8.494753956569141], [76.94417187543888, 8.494587539196445], [76.94423963763582, 8.494552932185229]]]}}, {"type": "Feature", "properties": {"building_local_id": "MSB-0371", "source": "microsoft-global-ml-building-footprints"}, "geometry": {"type": "Polygon", "coordinates": [[[76.94434318196336, 8.496341400521288], [76.9442830306765, 8.49640595166052], [76.94414524386885, 8.496280368782578], [76.94420539515572, 8.496215817622229], [76.94434318196336, 8.496341400521288]]]}}, {"type": "Feature", "properties": {"building_local_id": "MSB-0372", "source": "microsoft-global-ml-building-footprints"}, "geometry": {"type": "Polygon", "coordinates": [[[76.94560978280909, 8.49711535201871], [76.94564456784303, 8.497152244320532], [76.94560089877514, 8.497192517041071], [76.94563758832395, 8.497231432145497], [76.94556361745511, 8.497299655058185], [76.94549213881699, 8.497223846288975], [76.94560978280909, 8.49711535201871]]]}}, {"type": "Feature", "properties": {"building_local_id": "MSB-0373", "source": "microsoft-global-ml-building-footprints"}, "geometry": {"type": "Polygon", "coordinates": [[[76.94575179421797, 8.493566084455253], [76.94589557259432, 8.493563038986807], [76.94589741595247, 8.493647889269226], [76.94575363157443, 8.493650934864135], [76.94575179421797, 8.493566084455253]]]}}, {"type": "Feature", "properties": {"building_local_id": "MSB-0374", "source": "microsoft-global-ml-building-footprints"}, "geometry": {"type": "Polygon", "coordinates": [[[76.9473561136523, 8.493895320251056], [76.94730961297832, 8.493901381306998], [76.94730244895474, 8.493847617709434], [76.94734894546738, 8.493841553976509], [76.9473561136523, 8.493895320251056]]]}}, {"type": "Feature", "properties": {"building_local_id": "MSB-0375", "source": "microsoft-global-ml-building-footprints"}, "geometry": {"type": "Polygon", "coordinates": [[[76.94762274650687, 8.494307246480162], [76.94762116273654, 8.494291485434985], [76.94773271370406, 8.494280520653717], [76.94774828744566, 8.494435504241139], [76.94780671890486, 8.494429760786488], [76.94782229264648, 8.494584744313656], [76.94771339765441, 8.494595448020206], [76.9477031031472, 8.494493001291787], [76.94751187291719, 8.49451179804909], [76.94749260371144, 8.49432003872407], [76.94762274650687, 8.494307246480162]]]}}, {"type": "Feature", "properties": {"building_local_id": "MSB-0376", "source": "microsoft-global-ml-building-footprints"}, "geometry": {"type": "Polygon", "coordinates": [[[76.94834035988083, 8.49397828467076], [76.94834150422237, 8.494053498669444], [76.94822887694595, 8.494055174849194], [76.94822773272298, 8.493979968645263], [76.94834035988083, 8.49397828467076]]]}}, {"type": "Feature", "properties": {"building_local_id": "MSB-0377", "source": "microsoft-global-ml-building-footprints"}, "geometry": {"type": "Polygon", "coordinates": [[[76.94533213211865, 8.496487561765207], [76.94523498835986, 8.496577567259706], [76.94516615554969, 8.496504891732798], [76.94526330270068, 8.496414889802878], [76.94533213211865, 8.496487561765207]]]}}, {"type": "Feature", "properties": {"building_local_id": "MSB-0378", "source": "microsoft-global-ml-building-footprints"}, "geometry": {"type": "Polygon", "coordinates": [[[76.9482741656321, 8.498323411255924], [76.9483116455292, 8.498325024954795], [76.94830931465256, 8.498377979772172], [76.94827183475545, 8.498376366073558], [76.9482741656321, 8.498323411255924]]]}}, {"type": "Feature", "properties": {"building_local_id": "MSB-0379", "source": "microsoft-global-ml-building-footprints"}, "geometry": {"type": "Polygon", "coordinates": [[[76.94333751375166, 8.494711240278804], [76.94343278180594, 8.494754487328834], [76.94337279377685, 8.49488376989865], [76.94335063841538, 8.494873712448978], [76.94330081784882, 8.494981082688511], [76.943227705156, 8.494947893112027], [76.94333751375166, 8.494711240278804]]]}}, {"type": "Feature", "properties": {"building_local_id": "MSB-0380", "source": "microsoft-global-ml-building-footprints"}, "geometry": {"type": "Polygon", "coordinates": [[[76.9449938394481, 8.494720990823922], [76.9449747932548, 8.494762933564274], [76.9449234572786, 8.494740130583367], [76.9449425034719, 8.494698187840513], [76.9449938394481, 8.494720990823922]]]}}, {"type": "Feature", "properties": {"building_local_id": "MSB-0381", "source": "microsoft-global-ml-building-footprints"}, "geometry": {"type": "Polygon", "coordinates": [[[76.9462604696977, 8.497749679705862], [76.94622312033006, 8.497816931127389], [76.94615718294216, 8.49778111117186], [76.94619453230979, 8.497713859744067], [76.9462604696977, 8.497749679705862]]]}}, {"type": "Feature", "properties": {"building_local_id": "MSB-0382", "source": "microsoft-global-ml-building-footprints"}, "geometry": {"type": "Polygon", "coordinates": [[[76.94630251966345, 8.494459147287756], [76.9463936009891, 8.494455963392184], [76.94639644146831, 8.494535447658834], [76.94630536014266, 8.494538631553738], [76.94630251966345, 8.494459147287756]]]}}, {"type": "Feature", "properties": {"building_local_id": "MSB-0383", "source": "microsoft-global-ml-building-footprints"}, "geometry": {"type": "Polygon", "coordinates": [[[76.94643903576112, 8.493689761177265], [76.94644776030532, 8.493646380079], [76.94651742375194, 8.493660084731701], [76.9465410313421, 8.493542700563111], [76.94661843517169, 8.493557927959088], [76.94659380116452, 8.493680415781498], [76.94651123707968, 8.493664173230954], [76.94650353895243, 8.493702450669076], [76.94643903576112, 8.493689761177265]]]}}, {"type": "Feature", "properties": {"building_local_id": "MSB-0384", "source": "microsoft-global-ml-building-footprints"}, "geometry": {"type": "Polygon", "coordinates": [[[76.94862163012996, 8.495201890632131], [76.94862671749004, 8.495012704576922], [76.94866054130847, 8.49501359427714], [76.94866147044944, 8.494979132552828], [76.94871073390135, 8.494980428376593], [76.94870471968271, 8.495204081966477], [76.94862163012996, 8.495201890632131]]]}}, {"type": "Feature", "properties": {"building_local_id": "MSB-0385", "source": "microsoft-global-ml-building-footprints"}, "geometry": {"type": "Polygon", "coordinates": [[[76.94415292747556, 8.497000924351326], [76.9440544517864, 8.497136397129523], [76.94386624906727, 8.497002578665828], [76.94396473731942, 8.496867101746417], [76.94415292747556, 8.497000924351326]]]}}, {"type": "Feature", "properties": {"building_local_id": "MSB-0386", "source": "microsoft-global-ml-building-footprints"}, "geometry": {"type": "Polygon", "coordinates": [[[76.94723324502704, 8.496787577356741], [76.94711412385746, 8.496789803679704], [76.94711240116084, 8.496699641703472], [76.94723151595235, 8.49669741549917], [76.94723324502704, 8.496787577356741]]]}}, {"type": "Feature", "properties": {"building_local_id": "MSB-0387", "source": "microsoft-global-ml-building-footprints"}, "geometry": {"type": "Polygon", "coordinates": [[[76.94826656909355, 8.498386273364304], [76.94819958269767, 8.498388397027924], [76.94819743545737, 8.498322146135607], [76.94826442185324, 8.498320022471574], [76.94826656909355, 8.498386273364304]]]}}, {"type": "Feature", "properties": {"building_local_id": "MSB-0388", "source": "microsoft-global-ml-building-footprints"}, "geometry": {"type": "Polygon", "coordinates": [[[76.94856814446067, 8.49338403681817], [76.94850648724501, 8.493385458058256], [76.94850427116029, 8.493291697078789], [76.94865272594109, 8.493288264819654], [76.94865572489712, 8.49341552956001], [76.94856893623215, 8.493417536104275], [76.94856814446067, 8.49338403681817]]]}}, {"type": "Feature", "properties": {"building_local_id": "MSB-0389", "source": "microsoft-global-ml-building-footprints"}, "geometry": {"type": "Polygon", "coordinates": [[[76.94639146327972, 8.497831686646052], [76.94639146327972, 8.497892700173324], [76.94634050130844, 8.497892700173324], [76.94634050130844, 8.497831686646052], [76.94639146327972, 8.497831686646052]]]}}, {"type": "Feature", "properties": {"building_local_id": "MSB-0390", "source": "microsoft-global-ml-building-footprints"}, "geometry": {"type": "Polygon", "coordinates": [[[76.94831107667228, 8.495359035983867], [76.94827355544808, 8.495360080079138], [76.9482697851683, 8.495227546002951], [76.94816629725655, 8.495230425740402], [76.94816357590773, 8.495135001365668], [76.94818934803108, 8.495134284209769], [76.94818716126879, 8.495057414405906], [76.94830240502877, 8.495054207539354], [76.94831107667228, 8.495359035983867]]]}}, {"type": "Feature", "properties": {"building_local_id": "MSB-0391", "source": "microsoft-global-ml-building-footprints"}, "geometry": {"type": "Polygon", "coordinates": [[[76.94432933383277, 8.496631194371474], [76.94428692642293, 8.496656184011371], [76.94424854933732, 8.496592479838611], [76.94429095211513, 8.496567489988934], [76.94432933383277, 8.496631194371474]]]}}, {"type": "Feature", "properties": {"building_local_id": "MSB-0392", "source": "microsoft-global-ml-building-footprints"}, "geometry": {"type": "Polygon", "coordinates": [[[76.9444430694337, 8.493004696955495], [76.9446028391305, 8.49300917603911], [76.94460105022483, 8.493071594779451], [76.94444127643199, 8.493067104521984], [76.9444430694337, 8.493004696955495]]]}}, {"type": "Feature", "properties": {"building_local_id": "MSB-0393", "source": "microsoft-global-ml-building-footprints"}, "geometry": {"type": "Polygon", "coordinates": [[[76.94482777968436, 8.49559417889472], [76.94491355860596, 8.495596263023259], [76.94490796122065, 8.495821613067022], [76.94480877934254, 8.495819203294786], [76.94481049148392, 8.4957502727068], [76.94479440793616, 8.495749881932866], [76.94479612007754, 8.495680951332403], [76.94482560658182, 8.495681667751413], [76.94482777968436, 8.49559417889472]]]}}, {"type": "Feature", "properties": {"building_local_id": "MSB-0394", "source": "microsoft-global-ml-building-footprints"}, "geometry": {"type": "Polygon", "coordinates": [[[76.94805839048519, 8.493352063414378], [76.94780950217483, 8.493363709783011], [76.94780380434706, 8.493244600693643], [76.94805269265738, 8.493232954321385], [76.94805839048519, 8.493352063414378]]]}}, {"type": "Feature", "properties": {"building_local_id": "MSB-0395", "source": "microsoft-global-ml-building-footprints"}, "geometry": {"type": "Polygon", "coordinates": [[[76.94812586573231, 8.49842630033207], [76.94838643353395, 8.498396215304709], [76.94839600988567, 8.498477345124513], [76.94813543641995, 8.498507430799506], [76.94812586573231, 8.49842630033207]]]}}, {"type": "Feature", "properties": {"building_local_id": "MSB-0396", "source": "microsoft-global-ml-building-footprints"}, "geometry": {"type": "Polygon", "coordinates": [[[76.94303694860226, 8.498656615018803], [76.94324894289748, 8.498560850498947], [76.9432879769418, 8.498645386036102], [76.94319032535634, 8.498689491575774], [76.94324606938937, 8.498810215678304], [76.94313173309087, 8.49886185705114], [76.94303694860226, 8.498656615018803]]]}}, {"type": "Feature", "properties": {"building_local_id": "MSB-0397", "source": "microsoft-global-ml-building-footprints"}, "geometry": {"type": "Polygon", "coordinates": [[[76.94494484335647, 8.495770920956687], [76.94503060134763, 8.495768451482235], [76.94503286413898, 8.495845316835116], [76.94499534501784, 8.495846397229968], [76.94499659345443, 8.495888805693824], [76.94494835458443, 8.495890194772741], [76.94494484335647, 8.495770920956687]]]}}, {"type": "Feature", "properties": {"building_local_id": "MSB-0398", "source": "microsoft-global-ml-building-footprints"}, "geometry": {"type": "Polygon", "coordinates": [[[76.9453499887862, 8.493001598892988], [76.94535223926717, 8.493083775262619], [76.94520750616138, 8.493087652465192], [76.94520525568042, 8.493005476096371], [76.9453499887862, 8.493001598892988]]]}}, {"type": "Feature", "properties": {"building_local_id": "MSB-0399", "source": "microsoft-global-ml-building-footprints"}, "geometry": {"type": "Polygon", "coordinates": [[[76.94717055128308, 8.49658202022998], [76.94717217572025, 8.496513085624173], [76.94732765938713, 8.496516669597497], [76.94732603494994, 8.496585604202664], [76.94717055128308, 8.49658202022998]]]}}, {"type": "Feature", "properties": {"building_local_id": "MSB-0400", "source": "microsoft-global-ml-building-footprints"}, "geometry": {"type": "Polygon", "coordinates": [[[76.94793398619345, 8.49751369563863], [76.94819758566089, 8.497491325450127], [76.94820777678045, 8.497608886452909], [76.94807850419078, 8.497619848131293], [76.94808215970386, 8.4976619823792], [76.947947828296, 8.497673373018827], [76.94793398619345, 8.49751369563863]]]}}, {"type": "Feature", "properties": {"building_local_id": "MSB-0401", "source": "microsoft-global-ml-building-footprints"}, "geometry": {"type": "Polygon", "coordinates": [[[76.94815495363191, 8.498822048740777], [76.94815662287657, 8.498853796069653], [76.9480964837395, 8.498856884901102], [76.94809481673549, 8.498825137457402], [76.94815495363191, 8.498822048740777]]]}}, {"type": "Feature", "properties": {"building_local_id": "MSB-0402", "source": "microsoft-global-ml-building-footprints"}, "geometry": {"type": "Polygon", "coordinates": [[[76.94332220110446, 8.494487052143768], [76.94339729158075, 8.494402270800208], [76.94347620677333, 8.49447064605998], [76.94340111903462, 8.494555424297559], [76.94332220110446, 8.494487052143768]]]}}, {"type": "Feature", "properties": {"building_local_id": "MSB-0403", "source": "microsoft-global-ml-building-footprints"}, "geometry": {"type": "Polygon", "coordinates": [[[76.94630313505255, 8.498238942179796], [76.94633935576678, 8.49822702039306], [76.94635575757125, 8.498275753765256], [76.9463195376167, 8.49828767780761], [76.94630313505255, 8.498238942179796]]]}}, {"type": "Feature", "properties": {"building_local_id": "MSB-0404", "source": "microsoft-global-ml-building-footprints"}, "geometry": {"type": "Polygon", "coordinates": [[[76.94649337552173, 8.49442262163781], [76.94641852625043, 8.494426921987781], [76.94641299870149, 8.494332812032468], [76.94648784766952, 8.49432850651776], [76.94649337552173, 8.49442262163781]]]}}, {"type": "Feature", "properties": {"building_local_id": "MSB-0405", "source": "microsoft-global-ml-building-footprints"}, "geometry": {"type": "Polygon", "coordinates": [[[76.94694177137589, 8.493687123263655], [76.94700780066222, 8.493678982980867], [76.94701603121645, 8.493744288063269], [76.94695000193013, 8.493752428344663], [76.94694177137589, 8.493687123263655]]]}}, {"type": "Feature", "properties": {"building_local_id": "MSB-0406", "source": "microsoft-global-ml-building-footprints"}, "geometry": {"type": "Polygon", "coordinates": [[[76.94713436232368, 8.497908756687622], [76.9470619679607, 8.497907418705836], [76.94706352121479, 8.497825211790015], [76.94713591557777, 8.497826549772086], [76.94713436232368, 8.497908756687622]]]}}, {"type": "Feature", "properties": {"building_local_id": "MSB-0407", "source": "microsoft-global-ml-building-footprints"}, "geometry": {"type": "Polygon", "coordinates": [[[76.94878143423594, 8.493644462875821], [76.94892237543665, 8.493638872620991], [76.94892731553638, 8.493760705056957], [76.94878636572804, 8.493766295651412], [76.94878143423594, 8.493644462875821]]]}}, {"type": "Feature", "properties": {"building_local_id": "MSB-0408", "source": "microsoft-global-ml-building-footprints"}, "geometry": {"type": "Polygon", "coordinates": [[[76.9430502540227, 8.49371006622296], [76.94307514341136, 8.493716926701666], [76.9430546912343, 8.49378952545105], [76.94302980139527, 8.493782666572415], [76.9430502540227, 8.49371006622296]]]}}, {"type": "Feature", "properties": {"building_local_id": "MSB-0409", "source": "microsoft-global-ml-building-footprints"}, "geometry": {"type": "Polygon", "coordinates": [[[76.94551887908695, 8.498353079776649], [76.94563809963901, 8.498301361441762], [76.94566713071244, 8.498366822042428], [76.94569742717934, 8.498353677222326], [76.9457275999764, 8.498421701370034], [76.94569504924804, 8.498435821997703], [76.94571223934946, 8.498474583017412], [76.94559527125318, 8.49852533230198], [76.94551887908695, 8.498353079776649]]]}}, {"type": "Feature", "properties": {"building_local_id": "MSB-0410", "source": "microsoft-global-ml-building-footprints"}, "geometry": {"type": "Polygon", "coordinates": [[[76.94653712872787, 8.493179639527213], [76.94640061815406, 8.493185772210325], [76.94639031707304, 8.492961821735463], [76.94650912627067, 8.492956476052385], [76.94651167949318, 8.493012069884657], [76.9465293843616, 8.493011273274604], [76.94653712872787, 8.493179639527213]]]}}, {"type": "Feature", "properties": {"building_local_id": "MSB-0411", "source": "microsoft-global-ml-building-footprints"}, "geometry": {"type": "Polygon", "coordinates": [[[76.94655156984453, 8.497853128703454], [76.94654667416418, 8.49783307608456], [76.94671762957094, 8.49779223830754], [76.94675986637847, 8.497965189367108], [76.94647348358599, 8.49803360037059], [76.94643614379964, 8.497880701639033], [76.94655156984453, 8.497853128703454]]]}}, {"type": "Feature", "properties": {"building_local_id": "MSB-0412", "source": "microsoft-global-ml-building-footprints"}, "geometry": {"type": "Polygon", "coordinates": [[[76.94702272188775, 8.49550793932994], [76.94705207600148, 8.495505862711198], [76.94705601045113, 8.495560264459314], [76.94702665619123, 8.495562339056193], [76.94702272188775, 8.49550793932994]]]}}, {"type": "Feature", "properties": {"building_local_id": "MSB-0413", "source": "microsoft-global-ml-building-footprints"}, "geometry": {"type": "Polygon", "coordinates": [[[76.94777140623567, 8.496934377596133], [76.9477834952579, 8.496810854765158], [76.94788295397659, 8.496820376157544], [76.94787087361448, 8.496943899814482], [76.94777140623567, 8.496934377596133]]]}}, {"type": "Feature", "properties": {"building_local_id": "MSB-0414", "source": "microsoft-global-ml-building-footprints"}, "geometry": {"type": "Polygon", "coordinates": [[[76.94341317054824, 8.494017138814812], [76.94340963292254, 8.494099226123183], [76.94335608602277, 8.494096968818809], [76.94335962364849, 8.49401488150994], [76.94341317054824, 8.494017138814812]]]}}, {"type": "Feature", "properties": {"building_local_id": "MSB-0415", "source": "microsoft-global-ml-building-footprints"}, "geometry": {"type": "Polygon", "coordinates": [[[76.9436236815825, 8.495483922078193], [76.9436528636381, 8.495524311713254], [76.94360314814226, 8.495559447880197], [76.94357396608669, 8.49551905824886], [76.9436236815825, 8.495483922078193]]]}}, {"type": "Feature", "properties": {"building_local_id": "MSB-0416", "source": "microsoft-global-ml-building-footprints"}, "geometry": {"type": "Polygon", "coordinates": [[[76.94552499088165, 8.497019321534438], [76.94548208394733, 8.497088958041118], [76.94540971877416, 8.49704533829194], [76.94545262570848, 8.496975701777345], [76.94552499088165, 8.497019321534438]]]}}, {"type": "Feature", "properties": {"building_local_id": "MSB-0417", "source": "microsoft-global-ml-building-footprints"}, "geometry": {"type": "Polygon", "coordinates": [[[76.94604216031824, 8.49329527846804], [76.94604422660751, 8.493366845532933], [76.94597722601527, 8.493368737781267], [76.94597515972602, 8.493297170716744], [76.94604216031824, 8.49329527846804]]]}}, {"type": "Feature", "properties": {"building_local_id": "MSB-0418", "source": "microsoft-global-ml-building-footprints"}, "geometry": {"type": "Polygon", "coordinates": [[[76.94630213304848, 8.495471882330818], [76.9463229631709, 8.495527982032698], [76.94622842635968, 8.49556232451134], [76.94620759623726, 8.495506224814463], [76.94630213304848, 8.495471882330818]]]}}, {"type": "Feature", "properties": {"building_local_id": "MSB-0419", "source": "microsoft-global-ml-building-footprints"}, "geometry": {"type": "Polygon", "coordinates": [[[76.94767060418916, 8.498128806333767], [76.94775373331674, 8.498127551911793], [76.9477565564129, 8.498310549722632], [76.94763052192917, 8.498312451587282], [76.94762936107799, 8.498237203286024], [76.94767226647994, 8.49823655881184], [76.94767060418916, 8.498128806333767]]]}}, {"type": "Feature", "properties": {"building_local_id": "MSB-0420", "source": "microsoft-global-ml-building-footprints"}, "geometry": {"type": "Polygon", "coordinates": [[[76.94530920013386, 8.495080239949942], [76.94547796763783, 8.495086151164557], [76.94548062398837, 8.495011966322991], [76.94551009133033, 8.495012998440004], [76.94550738071665, 8.495088698707463], [76.94554653825834, 8.49509007294165], [76.94554444701136, 8.495148360731918], [76.94530705923408, 8.49514002960737], [76.94530920013386, 8.495080239949942]]]}}, {"type": "Feature", "properties": {"building_local_id": "MSB-0421", "source": "microsoft-global-ml-building-footprints"}, "geometry": {"type": "Polygon", "coordinates": [[[76.9460983461739, 8.498465092214758], [76.9460430000351, 8.498472378923182], [76.94603809088011, 8.498435886636514], [76.94609343701889, 8.498428599927422], [76.9460983461739, 8.498465092214758]]]}}, {"type": "Feature", "properties": {"building_local_id": "MSB-0422", "source": "microsoft-global-ml-building-footprints"}, "geometry": {"type": "Polygon", "coordinates": [[[76.94754651375695, 8.494052938315832], [76.94770556763858, 8.494040937539879], [76.947722935, 8.494266096204527], [76.94756389780447, 8.494278106723172], [76.94754651375695, 8.494052938315832]]]}}, {"type": "Feature", "properties": {"building_local_id": "MSB-0423", "source": "microsoft-global-ml-building-footprints"}, "geometry": {"type": "Polygon", "coordinates": [[[76.94330263360705, 8.494186883371412], [76.94338114206315, 8.494210599268868], [76.94334931408385, 8.494313686541702], [76.94327080409302, 8.494289975621513], [76.94330263360705, 8.494186883371412]]]}}, {"type": "Feature", "properties": {"building_local_id": "MSB-0424", "source": "microsoft-global-ml-building-footprints"}, "geometry": {"type": "Polygon", "coordinates": [[[76.94337761879886, 8.49369849540443], [76.94348653407654, 8.493701224610476], [76.94348517582235, 8.49375424638825], [76.94353074412484, 8.493755388241553], [76.94352972543423, 8.493795154569938], [76.94340642296864, 8.493792064849586], [76.94340615131782, 8.493802669203205], [76.94337496289133, 8.493801887681826], [76.94337761879886, 8.49369849540443]]]}}, {"type": "Feature", "properties": {"building_local_id": "MSB-0425", "source": "microsoft-global-ml-building-footprints"}, "geometry": {"type": "Polygon", "coordinates": [[[76.94515115593721, 8.494802706160527], [76.94515644489684, 8.494766318811301], [76.9451984917213, 8.49477229411373], [76.94519320276167, 8.494808681462388], [76.94515115593721, 8.494802706160527]]]}}, {"type": "Feature", "properties": {"building_local_id": "MSB-0426", "source": "microsoft-global-ml-building-footprints"}, "geometry": {"type": "Polygon", "coordinates": [[[76.94559927543617, 8.498105126560688], [76.94560540103443, 8.498044720682557], [76.94566647748132, 8.498050779027281], [76.94566221619556, 8.498092800508061], [76.94575250311702, 8.498101756320878], [76.94573252833999, 8.498298731946008], [76.94570066236768, 8.49829557107256], [76.9457099839303, 8.498203649125998], [76.945601108525, 8.498192849472218], [76.94560989742689, 8.498106180185687], [76.94559927543617, 8.498105126560688]]]}}, {"type": "Feature", "properties": {"building_local_id": "MSB-0427", "source": "microsoft-global-ml-building-footprints"}, "geometry": {"type": "Polygon", "coordinates": [[[76.9475180923729, 8.496219480376979], [76.94758218825474, 8.496203516903606], [76.94761990915575, 8.496351625111245], [76.94755580448042, 8.49636759520591], [76.9475180923729, 8.496219480376979]]]}}, {"type": "Feature", "properties": {"building_local_id": "MSB-0428", "source": "microsoft-global-ml-building-footprints"}, "geometry": {"type": "Polygon", "coordinates": [[[76.94346030665075, 8.496422759620515], [76.94330519488548, 8.496414438490376], [76.94331194229586, 8.49629140757554], [76.94346705464827, 8.496299718002888], [76.94346030665075, 8.496422759620515]]]}}, {"type": "Feature", "properties": {"building_local_id": "MSB-0429", "source": "microsoft-global-ml-building-footprints"}, "geometry": {"type": "Polygon", "coordinates": [[[76.94420000933074, 8.495752299884657], [76.94428583280262, 8.495637114194508], [76.94434841028598, 8.495682722291377], [76.94426258681409, 8.495797907967813], [76.94420000933074, 8.495752299884657]]]}}, {"type": "Feature", "properties": {"building_local_id": "MSB-0430", "source": "microsoft-global-ml-building-footprints"}, "geometry": {"type": "Polygon", "coordinates": [[[76.94472612500948, 8.495441175514998], [76.94480648868922, 8.495444018127685], [76.94480462927713, 8.495495539248793], [76.9447242653969, 8.495492702192266], [76.94472612500948, 8.495441175514998]]]}}, {"type": "Feature", "properties": {"building_local_id": "MSB-0431", "source": "microsoft-global-ml-building-footprints"}, "geometry": {"type": "Polygon", "coordinates": [[[76.94512142975809, 8.498572791991919], [76.94504225434119, 8.498571608194084], [76.9450432631314, 8.498505304342657], [76.94512244323927, 8.49850648821085], [76.94512142975809, 8.498572791991919]]]}}, {"type": "Feature", "properties": {"building_local_id": "MSB-0432", "source": "microsoft-global-ml-building-footprints"}, "geometry": {"type": "Polygon", "coordinates": [[[76.947250898756, 8.497299894263108], [76.94725513460982, 8.49741544930474], [76.94719084609216, 8.497417754447952], [76.94718661040123, 8.497302203851262], [76.947250898756, 8.497299894263108]]]}}, {"type": "Feature", "properties": {"building_local_id": "MSB-0433", "source": "microsoft-global-ml-building-footprints"}, "geometry": {"type": "Polygon", "coordinates": [[[76.9433769314725, 8.49532267047168], [76.94334503919237, 8.49534528082988], [76.94329677667263, 8.495278691410377], [76.94339068171976, 8.495212116451484], [76.94345926530042, 8.495306743534229], [76.94339725253346, 8.495350708120199], [76.9433769314725, 8.49532267047168]]]}}, {"type": "Feature", "properties": {"building_local_id": "MSB-0434", "source": "microsoft-global-ml-building-footprints"}, "geometry": {"type": "Polygon", "coordinates": [[[76.94621800561949, 8.496109523932546], [76.94624251932571, 8.496161986163628], [76.94616958334618, 8.496195322606823], [76.94618184019927, 8.496221553717376], [76.94607575150172, 8.496270043080813], [76.94601038161838, 8.496130143821432], [76.94606563614838, 8.496104888936173], [76.94605440069968, 8.496080843744267], [76.94614722831004, 8.496038415530649], [76.94618706308268, 8.49612366666831], [76.94621800561949, 8.496109523932546]]]}}, {"type": "Feature", "properties": {"building_local_id": "MSB-0435", "source": "microsoft-global-ml-building-footprints"}, "geometry": {"type": "Polygon", "coordinates": [[[76.94726987905028, 8.493529731229174], [76.94726775482421, 8.493466133619052], [76.94738396508235, 8.493462336749445], [76.94738290521711, 8.4934305378667], [76.94749811474387, 8.493426773693045], [76.94750129433957, 8.49352217033443], [76.94726987905028, 8.493529731229174]]]}}, {"type": "Feature", "properties": {"building_local_id": "MSB-0436", "source": "microsoft-global-ml-building-footprints"}, "geometry": {"type": "Polygon", "coordinates": [[[76.94372601766878, 8.495895849944532], [76.94378350129608, 8.495834264404863], [76.94390948709898, 8.495949292220416], [76.94385200347169, 8.496010877741625], [76.94372601766878, 8.495895849944532]]]}}, {"type": "Feature", "properties": {"building_local_id": "MSB-0437", "source": "microsoft-global-ml-building-footprints"}, "geometry": {"type": "Polygon", "coordinates": [[[76.94385442342796, 8.494614594836904], [76.94391190561605, 8.494753070021332], [76.94381091395486, 8.494794084702406], [76.94375343176677, 8.4946556095328], [76.94385442342796, 8.494614594836904]]]}}, {"type": "Feature", "properties": {"building_local_id": "MSB-0438", "source": "microsoft-global-ml-building-footprints"}, "geometry": {"type": "Polygon", "coordinates": [[[76.94496561044788, 8.49798538224394], [76.94497762829116, 8.497935137938768], [76.94501689312011, 8.497944321815623], [76.9450048786441, 8.497994566907181], [76.94496561044788, 8.49798538224394]]]}}, {"type": "Feature", "properties": {"building_local_id": "MSB-0439", "source": "microsoft-global-ml-building-footprints"}, "geometry": {"type": "Polygon", "coordinates": [[[76.94513345203791, 8.493599783242516], [76.94520577347926, 8.493602416491228], [76.9452028526504, 8.49368073734152], [76.94513053139549, 8.493678099093998], [76.94513345203791, 8.493599783242516]]]}}, {"type": "Feature", "properties": {"building_local_id": "MSB-0440", "source": "microsoft-global-ml-building-footprints"}, "geometry": {"type": "Polygon", "coordinates": [[[76.94581866702882, 8.495191114522555], [76.94582350972557, 8.49530078324068], [76.94576461346195, 8.495303327195941], [76.94575977058552, 8.495193654409448], [76.94581866702882, 8.495191114522555]]]}}, {"type": "Feature", "properties": {"building_local_id": "MSB-0441", "source": "microsoft-global-ml-building-footprints"}, "geometry": {"type": "Polygon", "coordinates": [[[76.9461438895433, 8.49385572916104], [76.94609479528643, 8.493862281200265], [76.94608576659049, 8.4937960709849], [76.9461348567011, 8.493789522895952], [76.9461438895433, 8.49385572916104]]]}}, {"type": "Feature", "properties": {"building_local_id": "MSB-0442", "source": "microsoft-global-ml-building-footprints"}, "geometry": {"type": "Polygon", "coordinates": [[[76.94881407688433, 8.494767820343299], [76.94887954323987, 8.494792662821837], [76.94882068066377, 8.494944423749743], [76.94875521277602, 8.494919585231344], [76.94881407688433, 8.494767820343299]]]}}, {"type": "Feature", "properties": {"building_local_id": "MSB-0443", "source": "microsoft-global-ml-building-footprints"}, "geometry": {"type": "Polygon", "coordinates": [[[76.94416533878375, 8.495305980710313], [76.94423141279397, 8.495377403264897], [76.94419783332289, 8.495407790147368], [76.94413175814216, 8.495336366333206], [76.94416533878375, 8.495305980710313]]]}}, {"type": "Feature", "properties": {"building_local_id": "MSB-0444", "source": "microsoft-global-ml-building-footprints"}, "geometry": {"type": "Polygon", "coordinates": [[[76.94533747694123, 8.49494960000709], [76.94535549005892, 8.494850861524554], [76.94543082167014, 8.494864304574406], [76.94541280947377, 8.494963038003306], [76.94533747694123, 8.49494960000709]]]}}, {"type": "Feature", "properties": {"building_local_id": "MSB-0445", "source": "microsoft-global-ml-building-footprints"}, "geometry": {"type": "Polygon", "coordinates": [[[76.94749893537471, 8.496053931466548], [76.94750218610596, 8.49587725162965], [76.94757190045557, 8.49587850630688], [76.9475686313756, 8.496056183407774], [76.94754181816424, 8.496055700839847], [76.94754015922817, 8.496145865307454], [76.94742218109806, 8.496143742009025], [76.94742385847842, 8.496052575081166], [76.94749893537471, 8.496053931466548]]]}}, {"type": "Feature", "properties": {"building_local_id": "MSB-0446", "source": "microsoft-global-ml-building-footprints"}, "geometry": {"type": "Polygon", "coordinates": [[[76.94795620983845, 8.498974910343875], [76.94796468370829, 8.49901386449676], [76.94790572209374, 8.499026410521964], [76.9478972473753, 8.498987452469521], [76.94795620983845, 8.498974910343875]]]}}, {"type": "Feature", "properties": {"building_local_id": "MSB-0447", "source": "microsoft-global-ml-building-footprints"}, "geometry": {"type": "Polygon", "coordinates": [[[76.94841456624263, 8.499000436207638], [76.94816513005242, 8.49900193835198], [76.94816480342374, 8.498948885231911], [76.94807361169825, 8.498949434403016], [76.94807302376663, 8.498853938768534], [76.94822590401225, 8.498853018099098], [76.94822593667512, 8.498858323412747], [76.94841368434517, 8.498857192766039], [76.94841456624263, 8.499000436207638]]]}}, {"type": "Feature", "properties": {"building_local_id": "MSB-0448", "source": "microsoft-global-ml-building-footprints"}, "geometry": {"type": "Polygon", "coordinates": [[[76.94362840321394, 8.497629277511535], [76.9437405862558, 8.497521898069081], [76.94380358443247, 8.497586277343657], [76.94372602578625, 8.497660514973617], [76.94369787766477, 8.49763174977275], [76.94366325326914, 8.49766489156967], [76.94362840321394, 8.497629277511535]]]}}, {"type": "Feature", "properties": {"building_local_id": "MSB-0449", "source": "microsoft-global-ml-building-footprints"}, "geometry": {"type": "Polygon", "coordinates": [[[76.94574960124288, 8.497329015218327], [76.94579232237163, 8.497375492925983], [76.94570861507414, 8.497450754584378], [76.94566589394539, 8.497404276885803], [76.94574960124288, 8.497329015218327]]]}}, {"type": "Feature", "properties": {"building_local_id": "MSB-0450", "source": "microsoft-global-ml-building-footprints"}, "geometry": {"type": "Polygon", "coordinates": [[[76.94655284177477, 8.498453934155478], [76.94646101004683, 8.498487808587726], [76.94640831695541, 8.498348080263881], [76.9465001486834, 8.498314205819327], [76.94655284177477, 8.498453934155478]]]}}, {"type": "Feature", "properties": {"building_local_id": "MSB-0451", "source": "microsoft-global-ml-building-footprints"}, "geometry": {"type": "Polygon", "coordinates": [[[76.94852408269446, 8.493498251286852], [76.94851637496238, 8.49342208326452], [76.94856152030356, 8.49341761449206], [76.9485692280357, 8.493493782515259], [76.94852408269446, 8.493498251286852]]]}}, {"type": "Feature", "properties": {"building_local_id": "MSB-0452", "source": "microsoft-global-ml-building-footprints"}, "geometry": {"type": "Polygon", "coordinates": [[[76.94375433648115, 8.496135479596987], [76.94360528306443, 8.496000143787882], [76.94370283088548, 8.49589506156886], [76.94385188026696, 8.49603039375117], [76.94375433648115, 8.496135479596987]]]}}, {"type": "Feature", "properties": {"building_local_id": "MSB-0453", "source": "microsoft-global-ml-building-footprints"}, "geometry": {"type": "Polygon", "coordinates": [[[76.94389251028196, 8.496831099438396], [76.94394361654678, 8.496863740933904], [76.94391550224564, 8.496906798055974], [76.94386439598082, 8.496874156564118], [76.94389251028196, 8.496831099438396]]]}}, {"type": "Feature", "properties": {"building_local_id": "MSB-0454", "source": "microsoft-global-ml-building-footprints"}, "geometry": {"type": "Polygon", "coordinates": [[[76.94499394532848, 8.497464362367808], [76.94505995724992, 8.497414441912696], [76.9451130202289, 8.497483077249782], [76.94504700830745, 8.49753299769597], [76.94499394532848, 8.497464362367808]]]}}, {"type": "Feature", "properties": {"building_local_id": "MSB-0455", "source": "microsoft-global-ml-building-footprints"}, "geometry": {"type": "Polygon", "coordinates": [[[76.945441475765, 8.493531148236428], [76.94536106283768, 8.49352909984556], [76.94536341009075, 8.493438964698697], [76.94544382301802, 8.493441013090077], [76.945441475765, 8.493531148236428]]]}}, {"type": "Feature", "properties": {"building_local_id": "MSB-0456", "source": "microsoft-global-ml-building-footprints"}, "geometry": {"type": "Polygon", "coordinates": [[[76.94571016149962, 8.495366790219379], [76.94567841296441, 8.495373578794997], [76.94566899517454, 8.495330495287632], [76.94570074079711, 8.495323707334038], [76.94571016149962, 8.495366790219379]]]}}, {"type": "Feature", "properties": {"building_local_id": "MSB-0457", "source": "microsoft-global-ml-building-footprints"}, "geometry": {"type": "Polygon", "coordinates": [[[76.94606939034337, 8.493486185939616], [76.94607115081637, 8.493540742449], [76.9459934459021, 8.49354319519432], [76.94599584033084, 8.49361739778125], [76.94593421229541, 8.493619343061638], [76.94593005770454, 8.493490593601308], [76.94606939034337, 8.493486185939616]]]}}, {"type": "Feature", "properties": {"building_local_id": "MSB-0458", "source": "microsoft-global-ml-building-footprints"}, "geometry": {"type": "Polygon", "coordinates": [[[76.94731137328976, 8.496686701454408], [76.94731352495158, 8.496798076976674], [76.94724227876287, 8.496799428263827], [76.9472401192224, 8.496688052891372], [76.94731137328976, 8.496686701454408]]]}}, {"type": "Feature", "properties": {"building_local_id": "MSB-0459", "source": "microsoft-global-ml-building-footprints"}, "geometry": {"type": "Polygon", "coordinates": [[[76.94333316786533, 8.493885705234064], [76.94339399366524, 8.493914849837282], [76.94332979591837, 8.494045909699494], [76.94326897011841, 8.494016765106224], [76.94333316786533, 8.493885705234064]]]}}, {"type": "Feature", "properties": {"building_local_id": "MSB-0460", "source": "microsoft-global-ml-building-footprints"}, "geometry": {"type": "Polygon", "coordinates": [[[76.94581052193826, 8.49603070094004], [76.94586154338852, 8.496023520906164], [76.9458762957688, 8.496126012983481], [76.94577268855055, 8.496140600358814], [76.94576558127486, 8.496091198318979], [76.94581816043197, 8.496083795437173], [76.94581052193826, 8.49603070094004]]]}}, {"type": "Feature", "properties": {"building_local_id": "MSB-0461", "source": "microsoft-global-ml-building-footprints"}, "geometry": {"type": "Polygon", "coordinates": [[[76.94886381323384, 8.493775320539697], [76.94895498109499, 8.493773761785661], [76.9489562790104, 8.493848017716473], [76.94886511114926, 8.493849576470197], [76.94886381323384, 8.493775320539697]]]}}, {"type": "Feature", "properties": {"building_local_id": "MSB-0462", "source": "microsoft-global-ml-building-footprints"}, "geometry": {"type": "Polygon", "coordinates": [[[76.94423852255198, 8.49410230711149], [76.9442414776649, 8.494030801083468], [76.94434590964704, 8.494035015530983], [76.9443466165005, 8.494017911518071], [76.94445544279728, 8.494022310835362], [76.94445161865471, 8.494115003834153], [76.94443822993905, 8.494114462593686], [76.9444369188045, 8.494146243045293], [76.94431374262048, 8.494141263633551], [76.94431522211217, 8.494105402391341], [76.94423852255198, 8.49410230711149]]]}}, {"type": "Feature", "properties": {"building_local_id": "MSB-0463", "source": "microsoft-global-ml-building-footprints"}, "geometry": {"type": "Polygon", "coordinates": [[[76.94567823748785, 8.495050574932193], [76.94568311897703, 8.495173536588922], [76.94561184190167, 8.495176309420373], [76.94560962979845, 8.495120687078611], [76.94563270548929, 8.495119789384518], [76.94563003204102, 8.495052446891464], [76.94567823748785, 8.495050574932193]]]}}, {"type": "Feature", "properties": {"building_local_id": "MSB-0464", "source": "microsoft-global-ml-building-footprints"}, "geometry": {"type": "Polygon", "coordinates": [[[76.94770177307264, 8.498318954195796], [76.94770624387856, 8.498423207478268], [76.94761647304946, 8.498426979355287], [76.9476119946128, 8.498322720179985], [76.94770177307264, 8.498318954195796]]]}}, {"type": "Feature", "properties": {"building_local_id": "MSB-0465", "source": "microsoft-global-ml-building-footprints"}, "geometry": {"type": "Polygon", "coordinates": [[[76.94569150264084, 8.49338083416282], [76.94556026394689, 8.493375901277219], [76.94556626940609, 8.493219612181505], [76.94569750810004, 8.493224545069111], [76.94569150264084, 8.49338083416282]]]}}, {"type": "Feature", "properties": {"building_local_id": "MSB-0466", "source": "microsoft-global-ml-building-footprints"}, "geometry": {"type": "Polygon", "coordinates": [[[76.94610835358496, 8.498170868101312], [76.94593568193937, 8.498216633816781], [76.94592064816551, 8.498161150885494], [76.9460933228328, 8.498115396315129], [76.94610835358496, 8.498170868101312]]]}}, {"type": "Feature", "properties": {"building_local_id": "MSB-0467", "source": "microsoft-global-ml-building-footprints"}, "geometry": {"type": "Polygon", "coordinates": [[[76.94810129880761, 8.493446235831314], [76.94796198645119, 8.493450941796354], [76.94795979038255, 8.493387348952652], [76.94809910273896, 8.493382642986859], [76.94810129880761, 8.493446235831314]]]}}, {"type": "Feature", "properties": {"building_local_id": "MSB-0468", "source": "microsoft-global-ml-building-footprints"}, "geometry": {"type": "Polygon", "coordinates": [[[76.94820390702421, 8.495460292908533], [76.94819516227749, 8.495385308682899], [76.94825869014001, 8.495378061678991], [76.94826743539285, 8.495453050245771], [76.94820390702421, 8.495460292908533]]]}}, {"type": "Feature", "properties": {"building_local_id": "MSB-0469", "source": "microsoft-global-ml-building-footprints"}, "geometry": {"type": "Polygon", "coordinates": [[[76.94296718209851, 8.494801922349197], [76.94302637420857, 8.494723719413344], [76.9430848175387, 8.494766990132689], [76.94302562542865, 8.494845193059746], [76.94296718209851, 8.494801922349197]]]}}, {"type": "Feature", "properties": {"building_local_id": "MSB-0470", "source": "microsoft-global-ml-building-footprints"}, "geometry": {"type": "Polygon", "coordinates": [[[76.94429859821192, 8.493768283897737], [76.9442880526931, 8.493821966086571], [76.94415365123501, 8.493796139781978], [76.9441782574456, 8.493670881321293], [76.9443436746248, 8.49370266755244], [76.94432961393302, 8.493774243814784], [76.94429859821192, 8.493768283897737]]]}}, {"type": "Feature", "properties": {"building_local_id": "MSB-0471", "source": "microsoft-global-ml-building-footprints"}, "geometry": {"type": "Polygon", "coordinates": [[[76.94527495855797, 8.495002299317164], [76.9452688915695, 8.495089427444668], [76.94516477971564, 8.495082328826925], [76.94517084670412, 8.494995200697815], [76.94527495855797, 8.495002299317164]]]}}, {"type": "Feature", "properties": {"building_local_id": "MSB-0472", "source": "microsoft-global-ml-building-footprints"}, "geometry": {"type": "Polygon", "coordinates": [[[76.94555911030018, 8.49713461995134], [76.94547117191873, 8.497210891849932], [76.94543527196672, 8.497170404376305], [76.94552321034817, 8.497094132469655], [76.94555911030018, 8.49713461995134]]]}}, {"type": "Feature", "properties": {"building_local_id": "MSB-0473", "source": "microsoft-global-ml-building-footprints"}, "geometry": {"type": "Polygon", "coordinates": [[[76.94612472907735, 8.494547372634642], [76.94618638699393, 8.49454596418677], [76.94618997812704, 8.494699743653442], [76.94612832021043, 8.494701152100731], [76.94612472907735, 8.494547372634642]]]}}, {"type": "Feature", "properties": {"building_local_id": "MSB-0474", "source": "microsoft-global-ml-building-footprints"}, "geometry": {"type": "Polygon", "coordinates": [[[76.94618410564486, 8.494146425763049], [76.94635037258, 8.494144216000706], [76.94635156178829, 8.49423174218201], [76.94629792729309, 8.494232455008401], [76.94629868406201, 8.494288153476916], [76.94637645408004, 8.494287119878791], [76.94637721084896, 8.494342818339376], [76.94629675910615, 8.494343887578651], [76.94629647081324, 8.494322669118489], [76.94619188354758, 8.494324059129625], [76.9461906943393, 8.494236532969381], [76.94618533088976, 8.494236604252052], [76.94618410564486, 8.494146425763049]]]}}, {"type": "Feature", "properties": {"building_local_id": "MSB-0475", "source": "microsoft-global-ml-building-footprints"}, "geometry": {"type": "Polygon", "coordinates": [[[76.94622775704387, 8.494946206034683], [76.94623419884421, 8.495075879314655], [76.94618603534705, 8.49507821972773], [76.94617959354673, 8.494948546448555], [76.94622775704387, 8.494946206034683]]]}}, {"type": "Feature", "properties": {"building_local_id": "MSB-0476", "source": "microsoft-global-ml-building-footprints"}, "geometry": {"type": "Polygon", "coordinates": [[[76.94623473081208, 8.496105646829264], [76.9463623236098, 8.49604945721076], [76.94638923084177, 8.49610923264872], [76.94626163804404, 8.496165422258471], [76.94623473081208, 8.496105646829264]]]}}, {"type": "Feature", "properties": {"building_local_id": "MSB-0477", "source": "microsoft-global-ml-building-footprints"}, "geometry": {"type": "Polygon", "coordinates": [[[76.94679433429775, 8.498774635937565], [76.94680974852045, 8.498826946208112], [76.94675160687255, 8.498843708580239], [76.94673618814458, 8.498791395585968], [76.94679433429775, 8.498774635937565]]]}}, {"type": "Feature", "properties": {"building_local_id": "MSB-0478", "source": "microsoft-global-ml-building-footprints"}, "geometry": {"type": "Polygon", "coordinates": [[[76.94535514178882, 8.493787797385508], [76.94541143905012, 8.493789063898006], [76.94540951398014, 8.493872767635139], [76.94535321680841, 8.493871497227971], [76.94535514178882, 8.493787797385508]]]}}, {"type": "Feature", "properties": {"building_local_id": "MSB-0479", "source": "microsoft-global-ml-building-footprints"}, "geometry": {"type": "Polygon", "coordinates": [[[76.94704533933067, 8.496354080936527], [76.9470302537709, 8.496231212354061], [76.94711748047716, 8.496220736606048], [76.94713256603688, 8.496343605191868], [76.94704533933067, 8.496354080936527]]]}}, {"type": "Feature", "properties": {"building_local_id": "MSB-0480", "source": "microsoft-global-ml-building-footprints"}, "geometry": {"type": "Polygon", "coordinates": [[[76.94707963667192, 8.49768759028619], [76.94707788068447, 8.49775651836677], [76.94701890952321, 8.49775504884326], [76.94702066551064, 8.497686120762424], [76.94707963667192, 8.49768759028619]]]}}, {"type": "Feature", "properties": {"building_local_id": "MSB-0481", "source": "microsoft-global-ml-building-footprints"}, "geometry": {"type": "Polygon", "coordinates": [[[76.94763019165576, 8.497635097942279], [76.9475926648184, 8.49763603828255], [76.94758994831002, 8.497529995792846], [76.94762747514734, 8.497529055452333], [76.94763019165576, 8.497635097942279]]]}}, {"type": "Feature", "properties": {"building_local_id": "MSB-0482", "source": "microsoft-global-ml-building-footprints"}, "geometry": {"type": "Polygon", "coordinates": [[[76.94314898390513, 8.494437681900067], [76.94323717081394, 8.494501777984183], [76.94317701565201, 8.494582736862256], [76.94308883246333, 8.494518643495582], [76.94314898390513, 8.494437681900067]]]}}, {"type": "Feature", "properties": {"building_local_id": "MSB-0483", "source": "microsoft-global-ml-building-footprints"}, "geometry": {"type": "Polygon", "coordinates": [[[76.94390098992874, 8.495935631200737], [76.94393835522575, 8.495894804105077], [76.94395899526918, 8.495913281738183], [76.94392162997217, 8.495954108831867], [76.94390098992874, 8.495935631200737]]]}}, {"type": "Feature", "properties": {"building_local_id": "MSB-0484", "source": "microsoft-global-ml-building-footprints"}, "geometry": {"type": "Polygon", "coordinates": [[[76.94690611192802, 8.493456824968533], [76.94696871420443, 8.493446411794466], [76.94698406847739, 8.493536705516547], [76.94699971904652, 8.493534102223606], [76.9470058607557, 8.493570219706768], [76.94692760791017, 8.493583236170082], [76.94690611192802, 8.493456824968533]]]}}, {"type": "Feature", "properties": {"building_local_id": "MSB-0485", "source": "microsoft-global-ml-building-footprints"}, "geometry": {"type": "Polygon", "coordinates": [[[76.9470284924726, 8.494785603860478], [76.94703480474514, 8.494917948505687], [76.9469197258357, 8.49492331750318], [76.9469134135632, 8.494790972859832], [76.9470284924726, 8.494785603860478]]]}}, {"type": "Feature", "properties": {"building_local_id": "MSB-0486", "source": "microsoft-global-ml-building-footprints"}, "geometry": {"type": "Polygon", "coordinates": [[[76.94709048657705, 8.494994626495469], [76.94712342481122, 8.495095527890115], [76.94698253908234, 8.495140505217591], [76.9469601019629, 8.495071772441335], [76.94706119431939, 8.495039492020325], [76.94705069733455, 8.495007329090342], [76.94709048657705, 8.494994626495469]]]}}, {"type": "Feature", "properties": {"building_local_id": "MSB-0487", "source": "microsoft-global-ml-building-footprints"}, "geometry": {"type": "Polygon", "coordinates": [[[76.9480778781336, 8.498698656563136], [76.94818774427635, 8.498695310378935], [76.94819138342541, 8.498811920800776], [76.94808151728267, 8.498815266983954], [76.9480778781336, 8.498698656563136]]]}}, {"type": "Feature", "properties": {"building_local_id": "MSB-0488", "source": "microsoft-global-ml-building-footprints"}, "geometry": {"type": "Polygon", "coordinates": [[[76.94384206229057, 8.49304314304031], [76.94380187394668, 8.49304447000138], [76.94380348395565, 8.49309216715497], [76.94385438919123, 8.49309048633782], [76.94385559928065, 8.493126335712574], [76.94376182625939, 8.493129425470528], [76.94375775415065, 8.493008787636413], [76.94379794249456, 8.493007460675216], [76.94379642193056, 8.492962413353709], [76.94383928949738, 8.492960997928265], [76.94384206229057, 8.49304314304031]]]}}, {"type": "Feature", "properties": {"building_local_id": "MSB-0489", "source": "microsoft-global-ml-building-footprints"}, "geometry": {"type": "Polygon", "coordinates": [[[76.94441240767357, 8.495250848572525], [76.9444472111281, 8.495312387074634], [76.94439409452377, 8.495341775561371], [76.94442442664167, 8.495395407958085], [76.94436597941869, 8.495427741729884], [76.94438426527532, 8.495460070215074], [76.94427109814765, 8.495522675744155], [76.94421281753408, 8.495419625632167], [76.94435253740959, 8.495342330754852], [76.94432739435675, 8.495297879073348], [76.94441240767357, 8.495250848572525]]]}}, {"type": "Feature", "properties": {"building_local_id": "MSB-0490", "source": "microsoft-global-ml-building-footprints"}, "geometry": {"type": "Polygon", "coordinates": [[[76.94687507420643, 8.496188221696414], [76.94692296538989, 8.496176227800646], [76.94695385107418, 8.496296861216877], [76.94690596068833, 8.496308858224168], [76.94687507420643, 8.496188221696414]]]}}, {"type": "Feature", "properties": {"building_local_id": "MSB-0491", "source": "microsoft-global-ml-building-footprints"}, "geometry": {"type": "Polygon", "coordinates": [[[76.94373495698734, 8.493011053784997], [76.94374195913832, 8.493010786231721], [76.94374594540723, 8.493112835541268], [76.94365488596729, 8.493116308632466], [76.94364841667523, 8.492950693404552], [76.94373247821032, 8.492947481399682], [76.94373495698734, 8.493011053784997]]]}}, {"type": "Feature", "properties": {"building_local_id": "MSB-0492", "source": "microsoft-global-ml-building-footprints"}, "geometry": {"type": "Polygon", "coordinates": [[[76.94548035835913, 8.498286710009808], [76.94549404079224, 8.498412587677038], [76.94543695387397, 8.498418657295957], [76.9454232626349, 8.498292780567013], [76.94548035835913, 8.498286710009808]]]}}, {"type": "Feature", "properties": {"building_local_id": "MSB-0493", "source": "microsoft-global-ml-building-footprints"}, "geometry": {"type": "Polygon", "coordinates": [[[76.94592125276556, 8.496598194571035], [76.94599042482804, 8.496580176818313], [76.94601618134048, 8.496676925884898], [76.94594701568045, 8.496694941965387], [76.94592125276556, 8.496598194571035]]]}}, {"type": "Feature", "properties": {"building_local_id": "MSB-0494", "source": "microsoft-global-ml-building-footprints"}, "geometry": {"type": "Polygon", "coordinates": [[[76.94643698605455, 8.495158255422552], [76.94644895052329, 8.495257651496686], [76.94630187207679, 8.49527497939006], [76.94628990067268, 8.495175584137485], [76.94643698605455, 8.495158255422552]]]}}, {"type": "Feature", "properties": {"building_local_id": "MSB-0495", "source": "microsoft-global-ml-building-footprints"}, "geometry": {"type": "Polygon", "coordinates": [[[76.94643993110728, 8.495731560379895], [76.94632712232979, 8.495768222292583], [76.94629927536685, 8.495684425135025], [76.94641208949642, 8.495647761474956], [76.94643993110728, 8.495731560379895]]]}}, {"type": "Feature", "properties": {"building_local_id": "MSB-0496", "source": "microsoft-global-ml-building-footprints"}, "geometry": {"type": "Polygon", "coordinates": [[[76.94646528523047, 8.498501387744724], [76.94657789627624, 8.498449777238108], [76.94662394053393, 8.498548048896936], [76.94651132948816, 8.49859965939035], [76.94646528523047, 8.498501387744724]]]}}, {"type": "Feature", "properties": {"building_local_id": "MSB-0497", "source": "microsoft-global-ml-building-footprints"}, "geometry": {"type": "Polygon", "coordinates": [[[76.94705220180913, 8.497982506720916], [76.94698514853117, 8.497982864112942], [76.94698432463186, 8.49783166108493], [76.94705137790983, 8.497831303692763], [76.94705220180913, 8.497982506720916]]]}}, {"type": "Feature", "properties": {"building_local_id": "MSB-0498", "source": "microsoft-global-ml-building-footprints"}, "geometry": {"type": "Polygon", "coordinates": [[[76.94327118705752, 8.494016335632665], [76.94324853059102, 8.494060735138149], [76.94322074035838, 8.494046863548661], [76.94324339682488, 8.4940024640416], [76.94327118705752, 8.494016335632665]]]}}, {"type": "Feature", "properties": {"building_local_id": "MSB-0499", "source": "microsoft-global-ml-building-footprints"}, "geometry": {"type": "Polygon", "coordinates": [[[76.94495751797862, 8.496397058176328], [76.9448552795136, 8.496492392655682], [76.94480440575616, 8.496439025669076], [76.94490664422118, 8.496343691176449], [76.94495751797862, 8.496397058176328]]]}}, {"type": "Feature", "properties": {"building_local_id": "MSB-0500", "source": "microsoft-global-ml-building-footprints"}, "geometry": {"type": "Polygon", "coordinates": [[[76.94561861276514, 8.495426729928838], [76.94551526638304, 8.49543801135384], [76.94550502321562, 8.495346282241485], [76.94560836959771, 8.495335000813796], [76.94561861276514, 8.495426729928838]]]}}, {"type": "Feature", "properties": {"building_local_id": "MSB-0501", "source": "microsoft-global-ml-building-footprints"}, "geometry": {"type": "Polygon", "coordinates": [[[76.94606273812471, 8.494266293777457], [76.94607251613847, 8.494355439413482], [76.94598768379804, 8.494364541298623], [76.94598221961385, 8.494314724623408], [76.94602728679472, 8.494309889246338], [76.94602297296514, 8.494270560287148], [76.94606273812471, 8.494266293777457]]]}}, {"type": "Feature", "properties": {"building_local_id": "MSB-0502", "source": "microsoft-global-ml-building-footprints"}, "geometry": {"type": "Polygon", "coordinates": [[[76.94759267856537, 8.494874696442508], [76.94772409400909, 8.494875979077648], [76.9477234225464, 8.494943274144575], [76.9475920070119, 8.494942000605462], [76.94759267856537, 8.494874696442508]]]}}, {"type": "Feature", "properties": {"building_local_id": "MSB-0503", "source": "microsoft-global-ml-building-footprints"}, "geometry": {"type": "Polygon", "coordinates": [[[76.94317221342236, 8.493115880866824], [76.94320165077052, 8.493164912966535], [76.94317388833949, 8.493181217099163], [76.94314445099128, 8.493132185001542], [76.94317221342236, 8.493115880866824]]]}}, {"type": "Feature", "properties": {"building_local_id": "MSB-0504", "source": "microsoft-global-ml-building-footprints"}, "geometry": {"type": "Polygon", "coordinates": [[[76.94394965654428, 8.49620570417359], [76.94392041043695, 8.496245906753913], [76.94389213309763, 8.496225784911815], [76.94393341982062, 8.496169030934212], [76.94390795223343, 8.496150906714206], [76.94394482889994, 8.496100219854725], [76.94400917417526, 8.49614601170893], [76.9439602605465, 8.496213249864894], [76.94394965654428, 8.49620570417359]]]}}, {"type": "Feature", "properties": {"building_local_id": "MSB-0505", "source": "microsoft-global-ml-building-footprints"}, "geometry": {"type": "Polygon", "coordinates": [[[76.94715774056255, 8.497610644740618], [76.94717260783992, 8.497749686196414], [76.94709568407188, 8.497757731813778], [76.94708081679451, 8.497618690360895], [76.94715774056255, 8.497610644740618]]]}}, {"type": "Feature", "properties": {"building_local_id": "MSB-0506", "source": "microsoft-global-ml-building-footprints"}, "geometry": {"type": "Polygon", "coordinates": [[[76.94562481260826, 8.497691668508324], [76.94569228339833, 8.49779856830638], [76.94561507882315, 8.49784623263541], [76.94554760803308, 8.497739332850657], [76.94562481260826, 8.497691668508324]]]}}, {"type": "Feature", "properties": {"building_local_id": "MSB-0507", "source": "microsoft-global-ml-building-footprints"}, "geometry": {"type": "Polygon", "coordinates": [[[76.94598247246827, 8.494362435947792], [76.94612989510313, 8.494366211705284], [76.9461282986374, 8.494427184895486], [76.94598087600255, 8.494423409138577], [76.94598247246827, 8.494362435947792]]]}}, {"type": "Feature", "properties": {"building_local_id": "MSB-0508", "source": "microsoft-global-ml-building-footprints"}, "geometry": {"type": "Polygon", "coordinates": [[[76.94615866882621, 8.496023566604023], [76.94621270551038, 8.496007355450189], [76.94624101728374, 8.496099667274663], [76.94618698059958, 8.496115878424618], [76.94615866882621, 8.496023566604023]]]}}, {"type": "Feature", "properties": {"building_local_id": "MSB-0509", "source": "microsoft-global-ml-building-footprints"}, "geometry": {"type": "Polygon", "coordinates": [[[76.94748303827292, 8.49399006340441], [76.94748486598559, 8.494053678965571], [76.94728654265231, 8.49405925259886], [76.9472847149396, 8.493995637038651], [76.94748303827292, 8.49399006340441]]]}}, {"type": "Feature", "properties": {"building_local_id": "MSB-0510", "source": "microsoft-global-ml-building-footprints"}, "geometry": {"type": "Polygon", "coordinates": [[[76.94511971385195, 8.496576007674236], [76.94501927905507, 8.496680881869509], [76.94496131161011, 8.496626580116953], [76.94506174640695, 8.496521705906844], [76.94511971385195, 8.496576007674236]]]}}, {"type": "Feature", "properties": {"building_local_id": "MSB-0511", "source": "microsoft-global-ml-building-footprints"}, "geometry": {"type": "Polygon", "coordinates": [[[76.94351667351827, 8.49474316484907], [76.9434693569092, 8.494804111243226], [76.94343729707259, 8.494779764255625], [76.94348461259773, 8.494718819253748], [76.94351667351827, 8.49474316484907]]]}}, {"type": "Feature", "properties": {"building_local_id": "MSB-0512", "source": "microsoft-global-ml-building-footprints"}, "geometry": {"type": "Polygon", "coordinates": [[[76.94428271048163, 8.49497615737694], [76.94432930565455, 8.495073777490163], [76.94423498944099, 8.49511781326892], [76.94418839426807, 8.495020193166894], [76.94428271048163, 8.49497615737694]]]}}, {"type": "Feature", "properties": {"building_local_id": "MSB-0513", "source": "microsoft-global-ml-building-footprints"}, "geometry": {"type": "Polygon", "coordinates": [[[76.94467859991147, 8.496913634673788], [76.94457939192307, 8.49697495221666], [76.94454027500497, 8.496913038252771], [76.94463948296303, 8.496851727585991], [76.94467859991147, 8.496913634673788]]]}}, {"type": "Feature", "properties": {"building_local_id": "MSB-0514", "source": "microsoft-global-ml-building-footprints"}, "geometry": {"type": "Polygon", "coordinates": [[[76.94427808401437, 8.497911153349591], [76.94430427968202, 8.497860823702112], [76.94441453773993, 8.497916957861392], [76.94438834207226, 8.497967287501496], [76.94427808401437, 8.497911153349591]]]}}, {"type": "Feature", "properties": {"building_local_id": "MSB-0515", "source": "microsoft-global-ml-building-footprints"}, "geometry": {"type": "Polygon", "coordinates": [[[76.94433883420753, 8.497523343943968], [76.94440694644862, 8.49763326904133], [76.94428907078739, 8.497704712809266], [76.94426940312569, 8.497672967914227], [76.94424103253553, 8.497690161203195], [76.94419259047389, 8.497611981462668], [76.94433883420753, 8.497523343943968]]]}}, {"type": "Feature", "properties": {"building_local_id": "MSB-0516", "source": "microsoft-global-ml-building-footprints"}, "geometry": {"type": "Polygon", "coordinates": [[[76.948781311512, 8.49500648442654], [76.948781311512, 8.49504097058849], [76.94872498512268, 8.49504097058849], [76.94872498512268, 8.49500648442654], [76.948781311512, 8.49500648442654]]]}}, {"type": "Feature", "properties": {"building_local_id": "MSB-0517", "source": "microsoft-global-ml-building-footprints"}, "geometry": {"type": "Polygon", "coordinates": [[[76.94455447819416, 8.496664148231403], [76.94461746759598, 8.496607357057954], [76.94472429810698, 8.496723260424233], [76.94466130870515, 8.496780051580487], [76.94455447819416, 8.496664148231403]]]}}, {"type": "Feature", "properties": {"building_local_id": "MSB-0518", "source": "microsoft-global-ml-building-footprints"}, "geometry": {"type": "Polygon", "coordinates": [[[76.94524058623394, 8.497519916584025], [76.9452910282071, 8.497610236275818], [76.94520882071936, 8.497655145230922], [76.94519179292958, 8.497624655852192], [76.94514041324976, 8.497652723948676], [76.94510699510921, 8.497592886565073], [76.94524058623394, 8.497519916584025]]]}}, {"type": "Feature", "properties": {"building_local_id": "MSB-0519", "source": "microsoft-global-ml-building-footprints"}, "geometry": {"type": "Polygon", "coordinates": [[[76.94612259549433, 8.498011418022543], [76.9460853483948, 8.49804582488619], [76.94602324891365, 8.497980062299376], [76.94614215726725, 8.49787022937042], [76.94618898648568, 8.497919820952049], [76.946107326532, 8.497995248378828], [76.94612259549433, 8.498011418022543]]]}}, {"type": "Feature", "properties": {"building_local_id": "MSB-0520", "source": "microsoft-global-ml-building-footprints"}, "geometry": {"type": "Polygon", "coordinates": [[[76.9485308633252, 8.495209093709647], [76.94853369798136, 8.494992568282584], [76.94860074190616, 8.494993431479458], [76.94859790731077, 8.49520995226598], [76.9485308633252, 8.495209093709647]]]}}, {"type": "Feature", "properties": {"building_local_id": "MSB-0521", "source": "microsoft-global-ml-building-footprints"}, "geometry": {"type": "Polygon", "coordinates": [[[76.94857201416342, 8.493669194541624], [76.94850013200171, 8.493675339614924], [76.9484876955023, 8.493533152047334], [76.94840250182918, 8.493540435099717], [76.94839136412509, 8.49341309672863], [76.94845259670966, 8.49340785782583], [76.94845121488473, 8.493392059293726], [76.948509785183, 8.493387048169069], [76.94852046298766, 8.49350912847774], [76.94855773521968, 8.493505942142065], [76.94857201416342, 8.493669194541624]]]}}, {"type": "Feature", "properties": {"building_local_id": "MSB-0522", "source": "microsoft-global-ml-building-footprints"}, "geometry": {"type": "Polygon", "coordinates": [[[76.94895393795986, 8.49459231411187], [76.94897117464261, 8.49474426418142], [76.94887747336439, 8.494754654904952], [76.94887866136877, 8.494765134298788], [76.94866409976892, 8.494788927465166], [76.94865934775142, 8.49474700989063], [76.9486196141218, 8.494751416032884], [76.94860595207143, 8.494630902981967], [76.94895393795986, 8.49459231411187]]]}}, {"type": "Feature", "properties": {"building_local_id": "MSB-0523", "source": "microsoft-global-ml-building-footprints"}, "geometry": {"type": "Polygon", "coordinates": [[[76.94352078445887, 8.496130648462511], [76.94363646716141, 8.496103318380918], [76.94366131115434, 8.496206212707406], [76.94354563534014, 8.496233541154282], [76.94352078445887, 8.496130648462511]]]}}, {"type": "Feature", "properties": {"building_local_id": "MSB-0524", "source": "microsoft-global-ml-building-footprints"}, "geometry": {"type": "Polygon", "coordinates": [[[76.94520294045513, 8.493685446331028], [76.94519904172826, 8.493804697492735], [76.94510794166445, 8.493801790402998], [76.94511031888152, 8.493729077978173], [76.94513979236497, 8.493730020545456], [76.94514131394135, 8.4936834797697], [76.94520294045513, 8.493685446331028]]]}}, {"type": "Feature", "properties": {"building_local_id": "MSB-0525", "source": "microsoft-global-ml-building-footprints"}, "geometry": {"type": "Polygon", "coordinates": [[[76.94599828471722, 8.49490373287314], [76.94616550404524, 8.494899878370944], [76.94616975257325, 8.495080169610546], [76.94605984170528, 8.495082703118428], [76.94605852965985, 8.4950270249509], [76.94600121238632, 8.49502834614674], [76.94599828471722, 8.49490373287314]]]}}, {"type": "Feature", "properties": {"building_local_id": "MSB-0526", "source": "microsoft-global-ml-building-footprints"}, "geometry": {"type": "Polygon", "coordinates": [[[76.94662513187237, 8.495971448882756], [76.94650152206908, 8.496016729162747], [76.94646396364531, 8.495916418092605], [76.94658756720634, 8.495871140087417], [76.94662513187237, 8.495971448882756]]]}}, {"type": "Feature", "properties": {"building_local_id": "MSB-0527", "source": "microsoft-global-ml-building-footprints"}, "geometry": {"type": "Polygon", "coordinates": [[[76.94760308164513, 8.495208000021577], [76.94766465501161, 8.49520534043134], [76.94767104201226, 8.49534998176506], [76.94760946845793, 8.495352637100254], [76.94760308164513, 8.495208000021577]]]}}, {"type": "Feature", "properties": {"building_local_id": "MSB-0528", "source": "microsoft-global-ml-building-footprints"}, "geometry": {"type": "Polygon", "coordinates": [[[76.9485448542557, 8.494824330558586], [76.94848056753946, 8.494826657902763], [76.94847447691902, 8.494662405814552], [76.94853876363526, 8.494660078469394], [76.9485448542557, 8.494824330558586]]]}}, {"type": "Feature", "properties": {"building_local_id": "MSB-0529", "source": "microsoft-global-ml-building-footprints"}, "geometry": {"type": "Polygon", "coordinates": [[[76.94784811361896, 8.495319327128115], [76.94769792253946, 8.495317965205118], [76.94769915203221, 8.495185337348488], [76.94790298278292, 8.495187185673217], [76.94790244180611, 8.495245541935503], [76.94784880213487, 8.495245055534326], [76.94784811361896, 8.495319327128115]]]}}, {"type": "Feature", "properties": {"building_local_id": "MSB-0530", "source": "microsoft-global-ml-building-footprints"}, "geometry": {"type": "Polygon", "coordinates": [[[76.94881416582827, 8.496289941367323], [76.94882019614187, 8.496156583692112], [76.94891813981049, 8.49616091594089], [76.94891209977226, 8.496294279963536], [76.94881416582827, 8.496289941367323]]]}}, {"type": "Feature", "properties": {"building_local_id": "MSB-0531", "source": "microsoft-global-ml-building-footprints"}, "geometry": {"type": "Polygon", "coordinates": [[[76.94440337327158, 8.495118254336447], [76.94430902393432, 8.495162259858745], [76.94427694232787, 8.495094986847747], [76.94437129166514, 8.495050981317718], [76.94440337327158, 8.495118254336447]]]}}, {"type": "Feature", "properties": {"building_local_id": "MSB-0532", "source": "microsoft-global-ml-building-footprints"}, "geometry": {"type": "Polygon", "coordinates": [[[76.94664365885826, 8.493606752712111], [76.94669994431511, 8.493633967292723], [76.94663961996217, 8.493756008951095], [76.9465833345053, 8.493728794379152], [76.94664365885826, 8.493606752712111]]]}}, {"type": "Feature", "properties": {"building_local_id": "MSB-0533", "source": "microsoft-global-ml-building-footprints"}, "geometry": {"type": "Polygon", "coordinates": [[[76.94682789343499, 8.493240427461018], [76.94694314539255, 8.493243482991048], [76.94693846315984, 8.49341579042806], [76.9468232112023, 8.493412734899422], [76.94682789343499, 8.493240427461018]]]}}, {"type": "Feature", "properties": {"building_local_id": "MSB-0534", "source": "microsoft-global-ml-building-footprints"}, "geometry": {"type": "Polygon", "coordinates": [[[76.94430202233474, 8.494888277661317], [76.94442499807465, 8.494843731754003], [76.9444583127581, 8.494933677879501], [76.94433533979804, 8.494978231281706], [76.94430202233474, 8.494888277661317]]]}}, {"type": "Feature", "properties": {"building_local_id": "MSB-0535", "source": "microsoft-global-ml-building-footprints"}, "geometry": {"type": "Polygon", "coordinates": [[[76.94575666230874, 8.49705067630174], [76.94577199378259, 8.49706525473836], [76.9457256555959, 8.497112919071256], [76.94563785113424, 8.497029421233336], [76.94575577746282, 8.496908119949282], [76.94582825098676, 8.496977038822749], [76.94575666230874, 8.49705067630174]]]}}, {"type": "Feature", "properties": {"building_local_id": "MSB-0536", "source": "microsoft-global-ml-building-footprints"}, "geometry": {"type": "Polygon", "coordinates": [[[76.94597914309409, 8.494920094609625], [76.94598161583222, 8.495063303068378], [76.9459440758539, 8.495063937115106], [76.94594471693416, 8.495101065225256], [76.94582137129115, 8.495103148521338], [76.94581825747278, 8.494922811953643], [76.94597914309409, 8.494920094609625]]]}}, {"type": "Feature", "properties": {"building_local_id": "MSB-0537", "source": "microsoft-global-ml-building-footprints"}, "geometry": {"type": "Polygon", "coordinates": [[[76.94677843808736, 8.495128151192446], [76.94694064755174, 8.495089424826944], [76.94695716647489, 8.495157106137697], [76.94679495701051, 8.49519583249635], [76.94677843808736, 8.495128151192446]]]}}, {"type": "Feature", "properties": {"building_local_id": "MSB-0538", "source": "microsoft-global-ml-building-footprints"}, "geometry": {"type": "Polygon", "coordinates": [[[76.94728562858181, 8.493745332961737], [76.94721932717141, 8.493752327299973], [76.94721243417814, 8.493688370053263], [76.94727873607764, 8.493681380251786], [76.94728562858181, 8.493745332961737]]]}}, {"type": "Feature", "properties": {"building_local_id": "MSB-0539", "source": "microsoft-global-ml-building-footprints"}, "geometry": {"type": "Polygon", "coordinates": [[[76.94829744701761, 8.495047918625758], [76.94815822342271, 8.49505376839798], [76.9481546973729, 8.494971680317718], [76.94829392096779, 8.49496583054426], [76.94829744701761, 8.495047918625758]]]}}, {"type": "Feature", "properties": {"building_local_id": "MSB-0540", "source": "microsoft-global-ml-building-footprints"}, "geometry": {"type": "Polygon", "coordinates": [[[76.94307959047968, 8.49381144160715], [76.94307583805835, 8.493728066532427], [76.94317318858451, 8.493723787447067], [76.94317693481527, 8.493807156056576], [76.94307959047968, 8.49381144160715]]]}}, {"type": "Feature", "properties": {"building_local_id": "MSB-0541", "source": "microsoft-global-ml-building-footprints"}, "geometry": {"type": "Polygon", "coordinates": [[[76.9433726547644, 8.49410664037741], [76.94337328619088, 8.49413443745199], [76.94331334899054, 8.494135769254868], [76.94331271943626, 8.494107967989976], [76.9433726547644, 8.49410664037741]]]}}, {"type": "Feature", "properties": {"building_local_id": "MSB-0542", "source": "microsoft-global-ml-building-footprints"}, "geometry": {"type": "Polygon", "coordinates": [[[76.9440575433004, 8.497759771018025], [76.94412113276718, 8.497643943243972], [76.94416971219921, 8.497670027634513], [76.94410612763731, 8.497785861397361], [76.9440575433004, 8.497759771018025]]]}}, {"type": "Feature", "properties": {"building_local_id": "MSB-0543", "source": "microsoft-global-ml-building-footprints"}, "geometry": {"type": "Polygon", "coordinates": [[[76.9460902671022, 8.497198267100941], [76.94616894030555, 8.497151340624853], [76.94625315925944, 8.497289452682935], [76.9461744860561, 8.497336379142155], [76.9460902671022, 8.497198267100941]]]}}, {"type": "Feature", "properties": {"building_local_id": "MSB-0544", "source": "microsoft-global-ml-building-footprints"}, "geometry": {"type": "Polygon", "coordinates": [[[76.94667985500678, 8.49581172861727], [76.94662250635707, 8.49583158118105], [76.94661213814011, 8.495802278084952], [76.94666948804114, 8.495782429056263], [76.94667985500678, 8.49581172861727]]]}}, {"type": "Feature", "properties": {"building_local_id": "MSB-0545", "source": "microsoft-global-ml-building-footprints"}, "geometry": {"type": "Polygon", "coordinates": [[[76.94677952229893, 8.495261070589379], [76.94670743049184, 8.49529777394325], [76.94666922847652, 8.495224376038351], [76.94674132028356, 8.495187672677432], [76.94677952229893, 8.495261070589379]]]}}, {"type": "Feature", "properties": {"building_local_id": "MSB-0546", "source": "microsoft-global-ml-building-footprints"}, "geometry": {"type": "Polygon", "coordinates": [[[76.94686136613659, 8.496206685351765], [76.94690508851359, 8.496320198027675], [76.94684653124635, 8.496342260547152], [76.94680280886931, 8.49622874787778], [76.94686136613659, 8.496206685351765]]]}}, {"type": "Feature", "properties": {"building_local_id": "MSB-0547", "source": "microsoft-global-ml-building-footprints"}, "geometry": {"type": "Polygon", "coordinates": [[[76.94719995231705, 8.498927175634094], [76.94723064218465, 8.4989290132052], [76.94722750982196, 8.498980244364319], [76.94719681621258, 8.498978408694015], [76.94719995231705, 8.498927175634094]]]}}, {"type": "Feature", "properties": {"building_local_id": "MSB-0548", "source": "microsoft-global-ml-building-footprints"}, "geometry": {"type": "Polygon", "coordinates": [[[76.94748246006328, 8.49772891018226], [76.94763361652132, 8.497722705553642], [76.9476385062088, 8.497839226398284], [76.94748734151923, 8.497845431362904], [76.94748246006328, 8.49772891018226]]]}}, {"type": "Feature", "properties": {"building_local_id": "MSB-0549", "source": "microsoft-global-ml-building-footprints"}, "geometry": {"type": "Polygon", "coordinates": [[[76.94830203818752, 8.494193135817255], [76.94835967167819, 8.494184331095141], [76.94837019266515, 8.494251696263007], [76.94831255917448, 8.494260500983586], [76.94830203818752, 8.494193135817255]]]}}, {"type": "Feature", "properties": {"building_local_id": "MSB-0550", "source": "microsoft-global-ml-building-footprints"}, "geometry": {"type": "Polygon", "coordinates": [[[76.94342779465865, 8.496566092359174], [76.94342963617515, 8.496630987142836], [76.94326347010073, 8.49663559949397], [76.94326162825809, 8.496570693218004], [76.94342779465865, 8.496566092359174]]]}}, {"type": "Feature", "properties": {"building_local_id": "MSB-0551", "source": "microsoft-global-ml-building-footprints"}, "geometry": {"type": "Polygon", "coordinates": [[[76.94572548643234, 8.494934771516], [76.94579620735321, 8.494933288219102], [76.94579894539513, 8.495060564321463], [76.94572821547153, 8.495062047806698], [76.94572548643234, 8.494934771516]]]}}, {"type": "Feature", "properties": {"building_local_id": "MSB-0552", "source": "microsoft-global-ml-building-footprints"}, "geometry": {"type": "Polygon", "coordinates": [[[76.94709200166231, 8.496611742471629], [76.94722108080177, 8.496594524838912], [76.94722832626563, 8.496647630117536], [76.94716925607449, 8.496655513471268], [76.9471669877142, 8.496638879007065], [76.94709697815769, 8.496648217454066], [76.94709200166231, 8.496611742471629]]]}}, {"type": "Feature", "properties": {"building_local_id": "MSB-0553", "source": "microsoft-global-ml-building-footprints"}, "geometry": {"type": "Polygon", "coordinates": [[[76.94712325514027, 8.497117037014476], [76.94728523481399, 8.4970707301176], [76.94732959701966, 8.497222519365849], [76.94716760743259, 8.497268829078422], [76.94712325514027, 8.497117037014476]]]}}, {"type": "Feature", "properties": {"building_local_id": "MSB-0554", "source": "microsoft-global-ml-building-footprints"}, "geometry": {"type": "Polygon", "coordinates": [[[76.94819926476475, 8.49443054244577], [76.94820170706848, 8.494499430340724], [76.94813473402284, 8.49450174831226], [76.94813229171912, 8.494432860417731], [76.94819926476475, 8.49443054244577]]]}}, {"type": "Feature", "properties": {"building_local_id": "MSB-0555", "source": "microsoft-global-ml-building-footprints"}, "geometry": {"type": "Polygon", "coordinates": [[[76.94894601492805, 8.498855947162426], [76.9489487599067, 8.498937096882003], [76.9489032133298, 8.49893860389382], [76.94890046824463, 8.49885745102533], [76.94894601492805, 8.498855947162426]]]}}, {"type": "Feature", "properties": {"building_local_id": "MSB-0556", "source": "microsoft-global-ml-building-footprints"}, "geometry": {"type": "Polygon", "coordinates": [[[76.94332087571371, 8.493907261996682], [76.94325989093029, 8.493977480619975], [76.94320587120068, 8.493931588110954], [76.9432668559841, 8.493861369479262], [76.94332087571371, 8.493907261996682]]]}}, {"type": "Feature", "properties": {"building_local_id": "MSB-0557", "source": "microsoft-global-ml-building-footprints"}, "geometry": {"type": "Polygon", "coordinates": [[[76.94421062629297, 8.496210069678966], [76.94427404327942, 8.49610199465019], [76.94435831358312, 8.49615036397843], [76.94429489915721, 8.496258434629894], [76.94421062629297, 8.496210069678966]]]}}, {"type": "Feature", "properties": {"building_local_id": "MSB-0558", "source": "microsoft-global-ml-building-footprints"}, "geometry": {"type": "Polygon", "coordinates": [[[76.94451749869694, 8.496509597073768], [76.94457495570872, 8.496581253213392], [76.94451168708287, 8.496630877274328], [76.94445423318419, 8.496559218702245], [76.94451749869694, 8.496509597073768]]]}}, {"type": "Feature", "properties": {"building_local_id": "MSB-0559", "source": "microsoft-global-ml-building-footprints"}, "geometry": {"type": "Polygon", "coordinates": [[[76.94474009493389, 8.495040370183418], [76.94470054721764, 8.49504551947679], [76.94469152276537, 8.494977722175733], [76.94473107048164, 8.494972572881466], [76.94474009493389, 8.495040370183418]]]}}, {"type": "Feature", "properties": {"building_local_id": "MSB-0560", "source": "microsoft-global-ml-building-footprints"}, "geometry": {"type": "Polygon", "coordinates": [[[76.94541548561403, 8.49831474755554], [76.94543370764453, 8.49841378512474], [76.94533245308635, 8.49843200118545], [76.9453142323041, 8.498332970405158], [76.94541548561403, 8.49831474755554]]]}}, {"type": "Feature", "properties": {"building_local_id": "MSB-0561", "source": "microsoft-global-ml-building-footprints"}, "geometry": {"type": "Polygon", "coordinates": [[[76.94676631729719, 8.496591276258258], [76.94704585498211, 8.496520746302167], [76.94707707809181, 8.496641827402087], [76.94679753572187, 8.496712339167857], [76.94676631729719, 8.496591276258258]]]}}, {"type": "Feature", "properties": {"building_local_id": "MSB-0562", "source": "microsoft-global-ml-building-footprints"}, "geometry": {"type": "Polygon", "coordinates": [[[76.9477880869743, 8.498023341712127], [76.94781426316851, 8.498106446453178], [76.94775069598519, 8.498126035895552], [76.94772451852764, 8.498042927147836], [76.9477880869743, 8.498023341712127]]]}}, {"type": "Feature", "properties": {"building_local_id": "MSB-0563", "source": "microsoft-global-ml-building-footprints"}, "geometry": {"type": "Polygon", "coordinates": [[[76.94891719078478, 8.49496850073406], [76.94885121590875, 8.49496649132307], [76.94885591958095, 8.494815425975304], [76.94892190513697, 8.494817435712392], [76.94891719078478, 8.49496850073406]]]}}, {"type": "Feature", "properties": {"building_local_id": "MSB-0564", "source": "microsoft-global-ml-building-footprints"}, "geometry": {"type": "Polygon", "coordinates": [[[76.94320569437896, 8.493851107224572], [76.94322268578864, 8.493745004489256], [76.94328548348093, 8.493754841590302], [76.94326849207125, 8.493860944322876], [76.94320569437896, 8.493851107224572]]]}}, {"type": "Feature", "properties": {"building_local_id": "MSB-0565", "source": "microsoft-global-ml-building-footprints"}, "geometry": {"type": "Polygon", "coordinates": [[[76.94556684531321, 8.497821104595118], [76.94560241735101, 8.497844245399776], [76.94557778821715, 8.497881278563739], [76.9455422161794, 8.497858137761312], [76.94556684531321, 8.497821104595118]]]}}, {"type": "Feature", "properties": {"building_local_id": "MSB-0566", "source": "microsoft-global-ml-building-footprints"}, "geometry": {"type": "Polygon", "coordinates": [[[76.946356352839, 8.49895363629399], [76.94624144959445, 8.498995003112796], [76.94621350860865, 8.498919087561333], [76.94623604793522, 8.49891097463889], [76.9462119121112, 8.498845385073011], [76.9463042833576, 8.498812136478605], [76.946356352839, 8.49895363629399]]]}}, {"type": "Feature", "properties": {"building_local_id": "MSB-0567", "source": "microsoft-global-ml-building-footprints"}, "geometry": {"type": "Polygon", "coordinates": [[[76.94829748999051, 8.4930136653648], [76.94838491033127, 8.492995698908345], [76.9483923903101, 8.493031300776067], [76.94830496996934, 8.493049267230859], [76.94829748999051, 8.4930136653648]]]}}, {"type": "Feature", "properties": {"building_local_id": "MSB-0568", "source": "microsoft-global-ml-building-footprints"}, "geometry": {"type": "Polygon", "coordinates": [[[76.94345752346847, 8.498261547567338], [76.94357711212751, 8.498250148804217], [76.94359094249569, 8.498392079522787], [76.9435165317745, 8.498399172083921], [76.94351089718008, 8.498341348465232], [76.9434657192422, 8.498345654663666], [76.94345752346847, 8.498261547567338]]]}}, {"type": "Feature", "properties": {"building_local_id": "MSB-0569", "source": "microsoft-global-ml-building-footprints"}, "geometry": {"type": "Polygon", "coordinates": [[[76.94881286249186, 8.493617150482862], [76.94870474378756, 8.49362127422475], [76.948699307876, 8.49348186138117], [76.94880743672206, 8.493477744735799], [76.94881286249186, 8.493617150482862]]]}}, {"type": "Feature", "properties": {"building_local_id": "MSB-0570", "source": "microsoft-global-ml-building-footprints"}, "geometry": {"type": "Polygon", "coordinates": [[[76.94355041987068, 8.495257842944028], [76.94360097158949, 8.495281312312656], [76.94357517840501, 8.49533565694685], [76.94352462668624, 8.495312187581561], [76.94355041987068, 8.495257842944028]]]}}, {"type": "Feature", "properties": {"building_local_id": "MSB-0571", "source": "microsoft-global-ml-building-footprints"}, "geometry": {"type": "Polygon", "coordinates": [[[76.94420584499353, 8.493320772586856], [76.9442108776509, 8.493175038921692], [76.94429928741553, 8.493178025401605], [76.94429425475816, 8.493323759065618], [76.94420584499353, 8.493320772586856]]]}}, {"type": "Feature", "properties": {"building_local_id": "MSB-0572", "source": "microsoft-global-ml-building-footprints"}, "geometry": {"type": "Polygon", "coordinates": [[[76.94531746062852, 8.493412637378427], [76.94531376572573, 8.493514816982795], [76.94523240494277, 8.493511939086204], [76.9452342216749, 8.493461600293742], [76.9451913610457, 8.493460084225816], [76.94519686515818, 8.493307573875882], [76.94524609511609, 8.493309311832903], [76.94524699901856, 8.49328431511671], [76.94530759777918, 8.493286458619536], [76.94530583523506, 8.493335295969388], [76.94527202076463, 8.493334102222818], [76.94526924242065, 8.49341093513948], [76.94531746062852, 8.493412637378427]]]}}, {"type": "Feature", "properties": {"building_local_id": "MSB-0573", "source": "microsoft-global-ml-building-footprints"}, "geometry": {"type": "Polygon", "coordinates": [[[76.94628969763593, 8.494423253580692], [76.94620911618362, 8.494415003819043], [76.94621516365379, 8.49435726165241], [76.9462957410633, 8.494365511001405], [76.94628969763593, 8.494423253580692]]]}}, {"type": "Feature", "properties": {"building_local_id": "MSB-0574", "source": "microsoft-global-ml-building-footprints"}, "geometry": {"type": "Polygon", "coordinates": [[[76.94695650688419, 8.49290215461589], [76.9470899810547, 8.492893044707628], [76.94708968356059, 8.492888785351411], [76.94722048761834, 8.4928798486295], [76.94722749497855, 8.492980176130871], [76.94719546133177, 8.492982364715274], [76.94720339071309, 8.493095893171372], [76.94723542435986, 8.493093704587608], [76.94724021886954, 8.49316234968471], [76.94700263598916, 8.493178581677654], [76.9469954442247, 8.493075614031781], [76.94707819781225, 8.493069960190113], [76.94707635377009, 8.49304355822477], [76.9469669054769, 8.49305103588685], [76.94695650688419, 8.49290215461589]]]}}, {"type": "Feature", "properties": {"building_local_id": "MSB-0575", "source": "microsoft-global-ml-building-footprints"}, "geometry": {"type": "Polygon", "coordinates": [[[76.94697276151088, 8.496802302487652], [76.94697451860011, 8.49684571111817], [76.94691560458767, 8.496848047848587], [76.94691384733362, 8.496804635146788], [76.94697276151088, 8.496802302487652]]]}}, {"type": "Feature", "properties": {"building_local_id": "MSB-0576", "source": "microsoft-global-ml-building-footprints"}, "geometry": {"type": "Polygon", "coordinates": [[[76.94785101052499, 8.493101189411675], [76.94775076321501, 8.493102660532074], [76.94774948997167, 8.493017789768345], [76.9478497432862, 8.493016318559512], [76.94785101052499, 8.493101189411675]]]}}, {"type": "Feature", "properties": {"building_local_id": "MSB-0577", "source": "microsoft-global-ml-building-footprints"}, "geometry": {"type": "Polygon", "coordinates": [[[76.9444604780409, 8.498694153891392], [76.94448755748886, 8.49875701943094], [76.94442054373016, 8.498785259895044], [76.94439346051705, 8.498722395946785], [76.9444604780409, 8.498694153891392]]]}}, {"type": "Feature", "properties": {"building_local_id": "MSB-0578", "source": "microsoft-global-ml-building-footprints"}, "geometry": {"type": "Polygon", "coordinates": [[[76.94450323970231, 8.496629373035347], [76.94443772224541, 8.496699390359709], [76.94437415182676, 8.496641204071096], [76.94443966928365, 8.496571186736105], [76.94450323970231, 8.496629373035347]]]}}, {"type": "Feature", "properties": {"building_local_id": "MSB-0579", "source": "microsoft-global-ml-building-footprints"}, "geometry": {"type": "Polygon", "coordinates": [[[76.9449670920709, 8.497403831269096], [76.94494972516323, 8.497422589539156], [76.9448817997732, 8.497361075498873], [76.94495735286458, 8.497279463159202], [76.94506321803405, 8.497375328602544], [76.94500502501856, 8.497438183794543], [76.9449670920709, 8.497403831269096]]]}}, {"type": "Feature", "properties": {"building_local_id": "MSB-0580", "source": "microsoft-global-ml-building-footprints"}, "geometry": {"type": "Polygon", "coordinates": [[[76.94611102389158, 8.494052939805883], [76.94600113394087, 8.494055883600396], [76.94599946422923, 8.493994914192001], [76.94610935417988, 8.493991970397005], [76.94611102389158, 8.494052939805883]]]}}, {"type": "Feature", "properties": {"building_local_id": "MSB-0581", "source": "microsoft-global-ml-building-footprints"}, "geometry": {"type": "Polygon", "coordinates": [[[76.94708327652249, 8.497542671180085], [76.9470461730189, 8.497546700877706], [76.9470415165322, 8.497504762374348], [76.94707862003578, 8.497500732676244], [76.94708327652249, 8.497542671180085]]]}}, {"type": "Feature", "properties": {"building_local_id": "MSB-0582", "source": "microsoft-global-ml-building-footprints"}, "geometry": {"type": "Polygon", "coordinates": [[[76.94731549571178, 8.496666989171473], [76.94723087438966, 8.496664558291585], [76.94723300588312, 8.496591978714989], [76.94731763216471, 8.496594415595666], [76.94731549571178, 8.496666989171473]]]}}, {"type": "Feature", "properties": {"building_local_id": "MSB-0583", "source": "microsoft-global-ml-building-footprints"}, "geometry": {"type": "Polygon", "coordinates": [[[76.94335574287179, 8.493546409504944], [76.94330122243639, 8.493543880945083], [76.94330605234366, 8.493442011003268], [76.94336057979322, 8.493444543663557], [76.94335574287179, 8.493546409504944]]]}}, {"type": "Feature", "properties": {"building_local_id": "MSB-0584", "source": "microsoft-global-ml-building-footprints"}, "geometry": {"type": "Polygon", "coordinates": [[[76.94398708298323, 8.493413283243314], [76.9439847765579, 8.49348890456099], [76.94391342235379, 8.493486770816048], [76.94391573397472, 8.49341115459218], [76.94398708298323, 8.493413283243314]]]}}, {"type": "Feature", "properties": {"building_local_id": "MSB-0585", "source": "microsoft-global-ml-building-footprints"}, "geometry": {"type": "Polygon", "coordinates": [[[76.94408849178454, 8.495870959413509], [76.94415326532103, 8.495810586728126], [76.94420146024477, 8.495861166207476], [76.94411396021286, 8.495942721289026], [76.94408986180319, 8.495917432438972], [76.94411259019421, 8.495896248266618], [76.94408849178454, 8.495870959413509]]]}}, {"type": "Feature", "properties": {"building_local_id": "MSB-0586", "source": "microsoft-global-ml-building-footprints"}, "geometry": {"type": "Polygon", "coordinates": [[[76.94605542471787, 8.494723147803839], [76.9460599558397, 8.494504613852314], [76.94610821530765, 8.494505592639314], [76.94610368425504, 8.494724123251089], [76.94605542471787, 8.494723147803839]]]}}, {"type": "Feature", "properties": {"building_local_id": "MSB-0587", "source": "microsoft-global-ml-building-footprints"}, "geometry": {"type": "Polygon", "coordinates": [[[76.94654270769783, 8.494278489896445], [76.94648692521449, 8.494287575589496], [76.94647273347734, 8.494202345126325], [76.94646844887598, 8.494203042990208], [76.94646457680076, 8.494179798576042], [76.9465246380134, 8.494170015972884], [76.94654270769783, 8.494278489896445]]]}}, {"type": "Feature", "properties": {"building_local_id": "MSB-0588", "source": "microsoft-global-ml-building-footprints"}, "geometry": {"type": "Polygon", "coordinates": [[[76.9474419271327, 8.496422168625983], [76.94758844523145, 8.496386154088995], [76.94762109242511, 8.496516073457684], [76.94747457432634, 8.496552087982465], [76.9474419271327, 8.496422168625983]]]}}, {"type": "Feature", "properties": {"building_local_id": "MSB-0589", "source": "microsoft-global-ml-building-footprints"}, "geometry": {"type": "Polygon", "coordinates": [[[76.94405235062672, 8.498498301911482], [76.9441942635313, 8.498399745184116], [76.94425287515493, 8.498482289300071], [76.94411096692173, 8.49858085258495], [76.94405235062672, 8.498498301911482]]]}}, {"type": "Feature", "properties": {"building_local_id": "MSB-0590", "source": "microsoft-global-ml-building-footprints"}, "geometry": {"type": "Polygon", "coordinates": [[[76.94417782753781, 8.495310439371835], [76.9442449558185, 8.495254177381057], [76.94431242543088, 8.49533292108373], [76.94424529715023, 8.495389183062912], [76.94417782753781, 8.495310439371835]]]}}, {"type": "Feature", "properties": {"building_local_id": "MSB-0591", "source": "microsoft-global-ml-building-footprints"}, "geometry": {"type": "Polygon", "coordinates": [[[76.94498688086124, 8.498317540499656], [76.94499228587759, 8.498334416093144], [76.94504591226512, 8.498317611703257], [76.94506289945924, 8.49837064928029], [76.94499221013021, 8.49839280051826], [76.94502695666371, 8.498501286442135], [76.94499039321768, 8.498512743975255], [76.94493325447374, 8.498334344889514], [76.94498688086124, 8.498317540499656]]]}}, {"type": "Feature", "properties": {"building_local_id": "MSB-0592", "source": "microsoft-global-ml-building-footprints"}, "geometry": {"type": "Polygon", "coordinates": [[[76.94522685042313, 8.495399682197828], [76.94531600699086, 8.495413018797834], [76.94529499667394, 8.495550473204716], [76.94520584010621, 8.495537136609471], [76.94522685042313, 8.495399682197828]]]}}, {"type": "Feature", "properties": {"building_local_id": "MSB-0593", "source": "microsoft-global-ml-building-footprints"}, "geometry": {"type": "Polygon", "coordinates": [[[76.94791047923286, 8.4969521330503], [76.94792547818602, 8.497007487648347], [76.94787793092127, 8.497020089840646], [76.94786293113609, 8.496964732173652], [76.94791047923286, 8.4969521330503]]]}}, {"type": "Feature", "properties": {"building_local_id": "MSB-0594", "source": "microsoft-global-ml-building-footprints"}, "geometry": {"type": "Polygon", "coordinates": [[[76.94900444520243, 8.49436312285438], [76.94893559378052, 8.494374318112818], [76.94892255221869, 8.494295861834559], [76.94899139746315, 8.49428466281276], [76.94900444520243, 8.49436312285438]]]}}, {"type": "Feature", "properties": {"building_local_id": "MSB-0595", "source": "microsoft-global-ml-building-footprints"}, "geometry": {"type": "Polygon", "coordinates": [[[76.94475644392965, 8.495950366786474], [76.94469633925358, 8.495972105355179], [76.94467336900232, 8.495909981450183], [76.94469325121072, 8.495902789105727], [76.9446698884051, 8.495839615601895], [76.94471010563825, 8.49582506710486], [76.94475644392965, 8.495950366786474]]]}}, {"type": "Feature", "properties": {"building_local_id": "MSB-0596", "source": "microsoft-global-ml-building-footprints"}, "geometry": {"type": "Polygon", "coordinates": [[[76.94500737350968, 8.495934954592187], [76.9450884770618, 8.495906659777901], [76.94511792725162, 8.495989232547089], [76.9450368236995, 8.496017527355292], [76.94500737350968, 8.495934954592187]]]}}, {"type": "Feature", "properties": {"building_local_id": "MSB-0597", "source": "microsoft-global-ml-building-footprints"}, "geometry": {"type": "Polygon", "coordinates": [[[76.94314977729223, 8.497312590772296], [76.9431747922681, 8.4973627597398], [76.94311006473268, 8.497394324671461], [76.94308505155388, 8.49734415931212], [76.94314977729223, 8.497312590772296]]]}}, {"type": "Feature", "properties": {"building_local_id": "MSB-0598", "source": "microsoft-global-ml-building-footprints"}, "geometry": {"type": "Polygon", "coordinates": [[[76.9451437689065, 8.49526279767639], [76.94514692259821, 8.49513968839483], [76.9452461004926, 8.495142180456739], [76.94524294697666, 8.49526528287673], [76.9451437689065, 8.49526279767639]]]}}, {"type": "Feature", "properties": {"building_local_id": "MSB-0599", "source": "microsoft-global-ml-building-footprints"}, "geometry": {"type": "Polygon", "coordinates": [[[76.94552091952268, 8.498981564112867], [76.94551868437513, 8.498867538517274], [76.94563665723146, 8.498865276504958], [76.9456376448548, 8.498915659912171], [76.94554916521255, 8.49891735642116], [76.94555041273675, 8.49898099860998], [76.94552091952268, 8.498981564112867]]]}}, {"type": "Feature", "properties": {"building_local_id": "MSB-0600", "source": "microsoft-global-ml-building-footprints"}, "geometry": {"type": "Polygon", "coordinates": [[[76.94553946843385, 8.49785762472365], [76.94546482930437, 8.497880311052981], [76.94544858319867, 8.497828027756015], [76.94552321748058, 8.497805337730782], [76.94553946843385, 8.49785762472365]]]}}, {"type": "Feature", "properties": {"building_local_id": "MSB-0601", "source": "microsoft-global-ml-building-footprints"}, "geometry": {"type": "Polygon", "coordinates": [[[76.94597575117803, 8.496039728842504], [76.94602561250616, 8.496001093437556], [76.94606077018653, 8.496045476177926], [76.94601090885836, 8.496084111578384], [76.94597575117803, 8.496039728842504]]]}}, {"type": "Feature", "properties": {"building_local_id": "MSB-0602", "source": "microsoft-global-ml-building-footprints"}, "geometry": {"type": "Polygon", "coordinates": [[[76.94655739502846, 8.498827811405164], [76.94656361722302, 8.499007988545799], [76.9464618120395, 8.499011427470393], [76.94645558984494, 8.498831250331335], [76.94655739502846, 8.498827811405164]]]}}, {"type": "Feature", "properties": {"building_local_id": "MSB-0603", "source": "microsoft-global-ml-building-footprints"}, "geometry": {"type": "Polygon", "coordinates": [[[76.94703883326498, 8.498067284562168], [76.94718621804408, 8.498047125348322], [76.94720004936644, 8.498146038403902], [76.9470526645873, 8.498166197612534], [76.94703883326498, 8.498067284562168]]]}}, {"type": "Feature", "properties": {"building_local_id": "MSB-0604", "source": "microsoft-global-ml-building-footprints"}, "geometry": {"type": "Polygon", "coordinates": [[[76.94321347387401, 8.497955677370271], [76.9433134573434, 8.498048327396177], [76.94325323543717, 8.49811189679562], [76.94315325196779, 8.498019246785063], [76.94321347387401, 8.497955677370271]]]}}, {"type": "Feature", "properties": {"building_local_id": "MSB-0605", "source": "microsoft-global-ml-building-footprints"}, "geometry": {"type": "Polygon", "coordinates": [[[76.94640189463838, 8.494720099911873], [76.9464043969989, 8.49482084488379], [76.94633738221637, 8.49482247311252], [76.9463348798559, 8.494721728141016], [76.94640189463838, 8.494720099911873]]]}}, {"type": "Feature", "properties": {"building_local_id": "MSB-0606", "source": "microsoft-global-ml-building-footprints"}, "geometry": {"type": "Polygon", "coordinates": [[[76.94641542074126, 8.495282050102418], [76.94650373369713, 8.495241563031527], [76.9465323890509, 8.495302703825317], [76.94644407609503, 8.495343190889741], [76.94641542074126, 8.495282050102418]]]}}, {"type": "Feature", "properties": {"building_local_id": "MSB-0607", "source": "microsoft-global-ml-building-footprints"}, "geometry": {"type": "Polygon", "coordinates": [[[76.94755525020119, 8.49857733158963], [76.94750187353107, 8.498581070675286], [76.94749802564814, 8.49852728742647], [76.9475514025813, 8.498523552016607], [76.94755525020119, 8.49857733158963]]]}}, {"type": "Feature", "properties": {"building_local_id": "MSB-0608", "source": "microsoft-global-ml-building-footprints"}, "geometry": {"type": "Polygon", "coordinates": [[[76.94833424734574, 8.494976682023932], [76.94833632528704, 8.495025297740966], [76.94830419619439, 8.495026641040468], [76.94830211834797, 8.494978027543596], [76.94833424734574, 8.494976682023932]]]}}, {"type": "Feature", "properties": {"building_local_id": "MSB-0609", "source": "microsoft-global-ml-building-footprints"}, "geometry": {"type": "Polygon", "coordinates": [[[76.94877034469734, 8.49404714938214], [76.94877539767198, 8.4941779277286], [76.94867190476597, 8.49418183921324], [76.94866684282727, 8.494051068371434], [76.94877034469734, 8.49404714938214]]]}}, {"type": "Feature", "properties": {"building_local_id": "MSB-0610", "source": "microsoft-global-ml-building-footprints"}, "geometry": {"type": "Polygon", "coordinates": [[[76.94424167438179, 8.495262606077944], [76.94416655626478, 8.495296976377205], [76.94414713625721, 8.495255459184136], [76.94422225437422, 8.495221088881124], [76.94424167438179, 8.495262606077944]]]}}, {"type": "Feature", "properties": {"building_local_id": "MSB-0611", "source": "microsoft-global-ml-building-footprints"}, "geometry": {"type": "Polygon", "coordinates": [[[76.94482353041211, 8.494652433311884], [76.9448469619397, 8.49472457206491], [76.94472296576717, 8.494763968664017], [76.94469953423958, 8.494691829918409], [76.94482353041211, 8.494652433311884]]]}}, {"type": "Feature", "properties": {"building_local_id": "MSB-0612", "source": "microsoft-global-ml-building-footprints"}, "geometry": {"type": "Polygon", "coordinates": [[[76.94501595663881, 8.496687891523536], [76.94514180188172, 8.496572852886189], [76.9452246932086, 8.496661551397153], [76.9450988479657, 8.496776590007912], [76.94501595663881, 8.496687891523536]]]}}, {"type": "Feature", "properties": {"building_local_id": "MSB-0613", "source": "microsoft-global-ml-building-footprints"}, "geometry": {"type": "Polygon", "coordinates": [[[76.94580740585621, 8.494924991299357], [76.9457244662378, 8.494929107710547], [76.94572298937301, 8.49490000040258], [76.94580592899143, 8.494895883991092], [76.94580740585621, 8.494924991299357]]]}}, {"type": "Feature", "properties": {"building_local_id": "MSB-0614", "source": "microsoft-global-ml-building-footprints"}, "geometry": {"type": "Polygon", "coordinates": [[[76.94603746904056, 8.497993384634512], [76.94605876852275, 8.49803603530627], [76.94601348818387, 8.498058154220999], [76.94602520289907, 8.498081612087091], [76.94596383212269, 8.498111590988017], [76.94593082168613, 8.498045480620647], [76.94603746904056, 8.497993384634512]]]}}, {"type": "Feature", "properties": {"building_local_id": "MSB-0615", "source": "microsoft-global-ml-building-footprints"}, "geometry": {"type": "Polygon", "coordinates": [[[76.94660406723396, 8.498331120331727], [76.94671758717482, 8.498300207397094], [76.94672925712285, 8.498342126421704], [76.94661573993938, 8.498373038602097], [76.94660406723396, 8.498331120331727]]]}}, {"type": "Feature", "properties": {"building_local_id": "MSB-0616", "source": "microsoft-global-ml-building-footprints"}, "geometry": {"type": "Polygon", "coordinates": [[[76.94407276727145, 8.493902451239961], [76.94406630182107, 8.49394932918024], [76.94389250980713, 8.493925882555317], [76.9439088638997, 8.493807306702408], [76.94394572921789, 8.493812277725326], [76.94394446083069, 8.49382147420711], [76.94401459938673, 8.493830936741418], [76.94400598312855, 8.493893441257995], [76.94407276727145, 8.493902451239961]]]}}, {"type": "Feature", "properties": {"building_local_id": "MSB-0617", "source": "microsoft-global-ml-building-footprints"}, "geometry": {"type": "Polygon", "coordinates": [[[76.94479171832558, 8.494646775029977], [76.94468775124608, 8.494694179725286], [76.94466939487984, 8.494654799356368], [76.94477336195935, 8.4946073946562], [76.94479171832558, 8.494646775029977]]]}}, {"type": "Feature", "properties": {"building_local_id": "MSB-0618", "source": "microsoft-global-ml-building-footprints"}, "geometry": {"type": "Polygon", "coordinates": [[[76.94574183172297, 8.497792590400195], [76.94577874848395, 8.497770069710427], [76.94580271761626, 8.497808502839618], [76.9457658008553, 8.497831023527155], [76.94574183172297, 8.497792590400195]]]}}, {"type": "Feature", "properties": {"building_local_id": "MSB-0619", "source": "microsoft-global-ml-building-footprints"}, "geometry": {"type": "Polygon", "coordinates": [[[76.94680169357657, 8.495853469260425], [76.94681515171962, 8.495915905192675], [76.94676127397798, 8.495927265124308], [76.94678533982893, 8.496038913027718], [76.94669554359285, 8.496057846240845], [76.9466572570118, 8.495880224569788], [76.94668547868599, 8.495874274128752], [76.94668624292078, 8.495877819618812], [76.94680169357657, 8.495853469260425]]]}}, {"type": "Feature", "properties": {"building_local_id": "MSB-0620", "source": "microsoft-global-ml-building-footprints"}, "geometry": {"type": "Polygon", "coordinates": [[[76.94751436099266, 8.497209877536022], [76.94745158148199, 8.497212198103284], [76.94744621358926, 8.497070148341976], [76.94759469341521, 8.497064649688255], [76.94759626062705, 8.497106045073338], [76.94751054988502, 8.497109213266157], [76.94751436099266, 8.497209877536022]]]}}, {"type": "Feature", "properties": {"building_local_id": "MSB-0621", "source": "microsoft-global-ml-building-footprints"}, "geometry": {"type": "Polygon", "coordinates": [[[76.94866624928532, 8.493723085529425], [76.94875633819358, 8.493719799126069], [76.94876769978596, 8.494024455470253], [76.94867758934794, 8.494027742656371], [76.94866624928532, 8.493723085529425]]]}}, {"type": "Feature", "properties": {"building_local_id": "MSB-0622", "source": "microsoft-global-ml-building-footprints"}, "geometry": {"type": "Polygon", "coordinates": [[[76.94440288048482, 8.495337202441107], [76.94446345070317, 8.495315261917739], [76.94448124342547, 8.495363318694928], [76.94442067483668, 8.495385254432676], [76.94440288048482, 8.495337202441107]]]}}, {"type": "Feature", "properties": {"building_local_id": "MSB-0623", "source": "microsoft-global-ml-building-footprints"}, "geometry": {"type": "Polygon", "coordinates": [[[76.94463049938518, 8.4963125497312], [76.9445674115117, 8.496345297763952], [76.94451553695433, 8.496247544797825], [76.94457862482781, 8.496214796756703], [76.94463049938518, 8.4963125497312]]]}}, {"type": "Feature", "properties": {"building_local_id": "MSB-0624", "source": "microsoft-global-ml-building-footprints"}, "geometry": {"type": "Polygon", "coordinates": [[[76.94517648949706, 8.49879113015642], [76.94518316083219, 8.498854104984446], [76.94510494208822, 8.498862210222], [76.94509827516121, 8.498799234938517], [76.94517648949706, 8.49879113015642]]]}}, {"type": "Feature", "properties": {"building_local_id": "MSB-0625", "source": "microsoft-global-ml-building-footprints"}, "geometry": {"type": "Polygon", "coordinates": [[[76.94586402048644, 8.494446996476825], [76.94586612659928, 8.494372776931442], [76.9459599300284, 8.49437538069337], [76.94595782391555, 8.49444960023827], [76.94586402048644, 8.494446996476825]]]}}, {"type": "Feature", "properties": {"building_local_id": "MSB-0626", "source": "microsoft-global-ml-building-footprints"}, "geometry": {"type": "Polygon", "coordinates": [[[76.94586604956679, 8.494867686511554], [76.94580985920587, 8.494864952157329], [76.94581367710462, 8.494788207236738], [76.94586986746555, 8.494790941591532], [76.94586604956679, 8.494867686511554]]]}}, {"type": "Feature", "properties": {"building_local_id": "MSB-0627", "source": "microsoft-global-ml-building-footprints"}, "geometry": {"type": "Polygon", "coordinates": [[[76.94811449456074, 8.498508449764913], [76.94794320646483, 8.49851635812648], [76.947939458264, 8.498436948446582], [76.94811074635987, 8.498429040083408], [76.94811449456074, 8.498508449764913]]]}}, {"type": "Feature", "properties": {"building_local_id": "MSB-0628", "source": "microsoft-global-ml-building-footprints"}, "geometry": {"type": "Polygon", "coordinates": [[[76.94493640911116, 8.496894664842799], [76.94500626042458, 8.49693738338651], [76.9450122594015, 8.496927788301846], [76.94510345417176, 8.496983559728193], [76.94502546747158, 8.497108295792088], [76.94486442138795, 8.497009805852997], [76.94493640911116, 8.496894664842799]]]}}, {"type": "Feature", "properties": {"building_local_id": "MSB-0629", "source": "microsoft-global-ml-building-footprints"}, "geometry": {"type": "Polygon", "coordinates": [[[76.94563263383037, 8.49542072195311], [76.94566134491996, 8.495491578204934], [76.94550650502049, 8.495552950322931], [76.94547779393095, 8.495482094082448], [76.94563263383037, 8.49542072195311]]]}}, {"type": "Feature", "properties": {"building_local_id": "MSB-0630", "source": "microsoft-global-ml-building-footprints"}, "geometry": {"type": "Polygon", "coordinates": [[[76.94595959804583, 8.498119646372501], [76.94591100657647, 8.498144596960927], [76.94587197372779, 8.498070250256916], [76.94592056380623, 8.4980452970144], [76.94595959804583, 8.498119646372501]]]}}, {"type": "Feature", "properties": {"building_local_id": "MSB-0631", "source": "microsoft-global-ml-building-footprints"}, "geometry": {"type": "Polygon", "coordinates": [[[76.94600698727625, 8.49504773332285], [76.94604440139177, 8.49504549570122], [76.94605118872292, 8.495156506580585], [76.9460137746074, 8.495158744201575], [76.94600698727625, 8.49504773332285]]]}}, {"type": "Feature", "properties": {"building_local_id": "MSB-0632", "source": "microsoft-global-ml-building-footprints"}, "geometry": {"type": "Polygon", "coordinates": [[[76.94630486383595, 8.494103592725708], [76.94620566925005, 8.494105728163163], [76.94620321047562, 8.493994363981386], [76.94630240506153, 8.493992228543362], [76.94630486383595, 8.494103592725708]]]}}, {"type": "Feature", "properties": {"building_local_id": "MSB-0633", "source": "microsoft-global-ml-building-footprints"}, "geometry": {"type": "Polygon", "coordinates": [[[76.9483651305041, 8.495074099539096], [76.94836654176521, 8.495103213215899], [76.94830499242698, 8.495106131659597], [76.94830118948921, 8.495027678772246], [76.94843397365968, 8.495021391824409], [76.94843636140895, 8.49507072203076], [76.9483651305041, 8.495074099539096]]]}}, {"type": "Feature", "properties": {"building_local_id": "MSB-0634", "source": "microsoft-global-ml-building-footprints"}, "geometry": {"type": "Polygon", "coordinates": [[[76.9488780799184, 8.495981112364873], [76.94886046032462, 8.495982352740441], [76.94879610532477, 8.496008105372013], [76.94847771502805, 8.496030519255044], [76.9484642151328, 8.495843122562732], [76.94870172722192, 8.495826402295805], [76.94869338720972, 8.49571063166485], [76.94865845406642, 8.495724608285244], [76.94866444158853, 8.495807804903208], [76.94831484340997, 8.495832415756084], [76.9483112256683, 8.495782147242295], [76.94828193250021, 8.49571054231781], [76.94827657869949, 8.495636151240262], [76.94852743540777, 8.495618491535438], [76.94852477605832, 8.495581539859387], [76.94872492768727, 8.495567449667433], [76.94872796694379, 8.495609680155596], [76.94880180770673, 8.495604481944412], [76.94883543200396, 8.495686674006691], [76.94883051682366, 8.495618377557776], [76.94887749547746, 8.4956150703742], [76.94888204048344, 8.495626182221798], [76.94888616069488, 8.49568343257532], [76.9488554138009, 8.495685597081874], [76.94878299922573, 8.495714569884754], [76.94885851470443, 8.495709253779054], [76.9488780799184, 8.495981112364873]]]}}, {"type": "Feature", "properties": {"building_local_id": "MSB-0635", "source": "microsoft-global-ml-building-footprints"}, "geometry": {"type": "Polygon", "coordinates": [[[76.94335568092738, 8.493553243148838], [76.94335839289779, 8.493594143527773], [76.94330230771246, 8.493597781227223], [76.94329959548573, 8.49355687698305], [76.94335568092738, 8.493553243148838]]]}}, {"type": "Feature", "properties": {"building_local_id": "MSB-0636", "source": "microsoft-global-ml-building-footprints"}, "geometry": {"type": "Polygon", "coordinates": [[[76.944294431764, 8.496563365384517], [76.944376049162, 8.49650030443479], [76.9444234875491, 8.49656036183454], [76.94434187292225, 8.49662342628271], [76.944294431764, 8.496563365384517]]]}}, {"type": "Feature", "properties": {"building_local_id": "MSB-0637", "source": "microsoft-global-ml-building-footprints"}, "geometry": {"type": "Polygon", "coordinates": [[[76.944345824195, 8.494719213519716], [76.94439404213088, 8.494826856452903], [76.94428053862717, 8.494876590136172], [76.94424080014534, 8.494787890975687], [76.94417493813462, 8.494816749651392], [76.94408255836355, 8.494610518694259], [76.94414982239904, 8.494581045679254], [76.94423372037485, 8.494768341679247], [76.944345824195, 8.494719213519716]]]}}, {"type": "Feature", "properties": {"building_local_id": "MSB-0638", "source": "microsoft-global-ml-building-footprints"}, "geometry": {"type": "Polygon", "coordinates": [[[76.94502217171187, 8.494507404016375], [76.94496864685189, 8.494455192508013], [76.94494585025001, 8.494478052624842], [76.94470383652138, 8.49424197716722], [76.94483063164598, 8.49411482867572], [76.94490269443509, 8.494185118316281], [76.94497838425265, 8.494109217551625], [76.94520185610988, 8.494327206178752], [76.94502217171187, 8.494507404016375]]]}}, {"type": "Feature", "properties": {"building_local_id": "MSB-0639", "source": "microsoft-global-ml-building-footprints"}, "geometry": {"type": "Polygon", "coordinates": [[[76.94619441025843, 8.497068841924445], [76.94609202222593, 8.497083746636761], [76.94608390753997, 8.497029219778312], [76.94618629557246, 8.497014315063879], [76.94619441025843, 8.497068841924445]]]}}, {"type": "Feature", "properties": {"building_local_id": "MSB-0640", "source": "microsoft-global-ml-building-footprints"}, "geometry": {"type": "Polygon", "coordinates": [[[76.94643639460631, 8.497561239114432], [76.94634461272521, 8.497627496479765], [76.94630629673958, 8.49757557388412], [76.94639807622347, 8.497509318240361], [76.94643639460631, 8.497561239114432]]]}}, {"type": "Feature", "properties": {"building_local_id": "MSB-0641", "source": "microsoft-global-ml-building-footprints"}, "geometry": {"type": "Polygon", "coordinates": [[[76.94703305993453, 8.49564751703386], [76.94717763828307, 8.495641442279819], [76.94718252925541, 8.495755306187633], [76.94703795090683, 8.495761380939868], [76.94703305993453, 8.49564751703386]]]}}, {"type": "Feature", "properties": {"building_local_id": "MSB-0642", "source": "microsoft-global-ml-building-footprints"}, "geometry": {"type": "Polygon", "coordinates": [[[76.94764790371681, 8.497687526074387], [76.94787049082385, 8.497663197504295], [76.9478906968308, 8.49784402964005], [76.94786419836569, 8.497846925897107], [76.94786859097589, 8.49788623721939], [76.94780499465959, 8.497893188235523], [76.9478103735369, 8.497941326071697], [76.94764078465596, 8.497959873709178], [76.94763170666424, 8.497878630941756], [76.94780924502393, 8.49785921387965], [76.9478056231821, 8.497826800486848], [76.94766518131696, 8.497842150649717], [76.94764790371681, 8.497687526074387]]]}}, {"type": "Feature", "properties": {"building_local_id": "MSB-0643", "source": "microsoft-global-ml-building-footprints"}, "geometry": {"type": "Polygon", "coordinates": [[[76.94852343166072, 8.495215652353252], [76.94845105109738, 8.495213988951008], [76.94845684415417, 8.494967413429393], [76.94852922471752, 8.494969076832675], [76.94852343166072, 8.495215652353252]]]}}, {"type": "Feature", "properties": {"building_local_id": "MSB-0644", "source": "microsoft-global-ml-building-footprints"}, "geometry": {"type": "Polygon", "coordinates": [[[76.94317274410541, 8.496453799129881], [76.94322363472529, 8.496451914494443], [76.94322950306726, 8.49660691755048], [76.94312391068287, 8.496610820648982], [76.94311675220729, 8.49642138664656], [76.94317144030882, 8.496419361378571], [76.94317274410541, 8.496453799129881]]]}}, {"type": "Feature", "properties": {"building_local_id": "MSB-0645", "source": "microsoft-global-ml-building-footprints"}, "geometry": {"type": "Polygon", "coordinates": [[[76.94351509742903, 8.4948915390259], [76.94353590348462, 8.494934808413973], [76.94347465437623, 8.494963617320067], [76.94345384832064, 8.49492034793522], [76.94351509742903, 8.4948915390259]]]}}, {"type": "Feature", "properties": {"building_local_id": "MSB-0646", "source": "microsoft-global-ml-building-footprints"}, "geometry": {"type": "Polygon", "coordinates": [[[76.94377293199852, 8.493357159458057], [76.94386184036651, 8.49336770185424], [76.94386532553027, 8.493338934385307], [76.94389276404684, 8.49334218793426], [76.94387866620112, 8.493458487358055], [76.94383537009813, 8.493453356478781], [76.94382759870676, 8.493517503588976], [76.94375454509884, 8.493508841189808], [76.94377293199852, 8.493357159458057]]]}}, {"type": "Feature", "properties": {"building_local_id": "MSB-0647", "source": "microsoft-global-ml-building-footprints"}, "geometry": {"type": "Polygon", "coordinates": [[[76.94461910556282, 8.497846234484939], [76.94470364930018, 8.497768939235684], [76.94477584583038, 8.497846181758106], [76.94469129914545, 8.497923479686634], [76.94461910556282, 8.497846234484939]]]}}, {"type": "Feature", "properties": {"building_local_id": "MSB-0648", "source": "microsoft-global-ml-building-footprints"}, "geometry": {"type": "Polygon", "coordinates": [[[76.9441056301796, 8.498903714212787], [76.94415339562572, 8.498918202573847], [76.94413193970908, 8.498987393729678], [76.94408417072503, 8.498972900991504], [76.9441056301796, 8.498903714212787]]]}}, {"type": "Feature", "properties": {"building_local_id": "MSB-0649", "source": "microsoft-global-ml-building-footprints"}, "geometry": {"type": "Polygon", "coordinates": [[[76.94541007441546, 8.496803471597033], [76.94544924900396, 8.496731474838754], [76.94549292645387, 8.496754721609861], [76.94545375186537, 8.496826718363764], [76.94541007441546, 8.496803471597033]]]}}, {"type": "Feature", "properties": {"building_local_id": "MSB-0650", "source": "microsoft-global-ml-building-footprints"}, "geometry": {"type": "Polygon", "coordinates": [[[76.94547007948967, 8.494195055378142], [76.94547425888965, 8.494113027257256], [76.94567223961494, 8.494122894456197], [76.9456687343117, 8.494191692234423], [76.94564465557485, 8.494190492169878], [76.94564398147807, 8.494203722510505], [76.94547007948967, 8.494195055378142]]]}}, {"type": "Feature", "properties": {"building_local_id": "MSB-0651", "source": "microsoft-global-ml-building-footprints"}, "geometry": {"type": "Polygon", "coordinates": [[[76.94740449114472, 8.498624306654762], [76.94756512607576, 8.49861746834948], [76.9475705422206, 8.498741917332438], [76.94740990728961, 8.498748755635503], [76.94740449114472, 8.498624306654762]]]}}, {"type": "Feature", "properties": {"building_local_id": "MSB-0652", "source": "microsoft-global-ml-building-footprints"}, "geometry": {"type": "Polygon", "coordinates": [[[76.94763000581133, 8.495558255777595], [76.94762703953003, 8.4956466886387], [76.94768062473659, 8.495648446805177], [76.94768026920202, 8.495659046249187], [76.94758649509055, 8.495655969457928], [76.94758981699965, 8.495556934373582], [76.94763000581133, 8.495558255777595]]]}}, {"type": "Feature", "properties": {"building_local_id": "MSB-0653", "source": "microsoft-global-ml-building-footprints"}, "geometry": {"type": "Polygon", "coordinates": [[[76.9481157473218, 8.493876355126886], [76.94812071817528, 8.49404163637034], [76.94800816521548, 8.494044955353743], [76.9480031941279, 8.493879666327558], [76.9481157473218, 8.493876355126886]]]}}, {"type": "Feature", "properties": {"building_local_id": "MSB-0654", "source": "microsoft-global-ml-building-footprints"}, "geometry": {"type": "Polygon", "coordinates": [[[76.94854547436731, 8.494342252207218], [76.94854877617705, 8.494400430202688], [76.9484962752008, 8.494403344809015], [76.94849296928697, 8.494345167041814], [76.94854547436731, 8.494342252207218]]]}}, {"type": "Feature", "properties": {"building_local_id": "MSB-0655", "source": "microsoft-global-ml-building-footprints"}, "geometry": {"type": "Polygon", "coordinates": [[[76.9444876186389, 8.494314272494094], [76.94450131920911, 8.494347299860763], [76.94445686381734, 8.494365335617559], [76.94444316634006, 8.494332310074668], [76.9444876186389, 8.494314272494094]]]}}, {"type": "Feature", "properties": {"building_local_id": "MSB-0656", "source": "microsoft-global-ml-building-footprints"}, "geometry": {"type": "Polygon", "coordinates": [[[76.94634049284298, 8.496145931104905], [76.94639872498097, 8.496117501369568], [76.94642916504459, 8.496178498908648], [76.94637093128905, 8.49620692539817], [76.94634049284298, 8.496145931104905]]]}}, {"type": "Feature", "properties": {"building_local_id": "MSB-0657", "source": "microsoft-global-ml-building-footprints"}, "geometry": {"type": "Polygon", "coordinates": [[[76.94484932295968, 8.493519657974531], [76.94509004744678, 8.49355736688264], [76.94506020887366, 8.49374369370895], [76.9449607791942, 8.493728118298392], [76.94498067157626, 8.493603900419203], [76.94483937676866, 8.493581766932806], [76.94484932295968, 8.493519657974531]]]}}, {"type": "Feature", "properties": {"building_local_id": "MSB-0658", "source": "microsoft-global-ml-building-footprints"}, "geometry": {"type": "Polygon", "coordinates": [[[76.94601886730266, 8.495699024752525], [76.94607519045036, 8.495675952044039], [76.94610269033785, 8.49574161728097], [76.94604637115644, 8.495764688360708], [76.94601886730266, 8.495699024752525]]]}}, {"type": "Feature", "properties": {"building_local_id": "MSB-0659", "source": "microsoft-global-ml-building-footprints"}, "geometry": {"type": "Polygon", "coordinates": [[[76.94793086076504, 8.498877716009687], [76.947944074243, 8.498957819381218], [76.94788659549508, 8.498967093711627], [76.94787338201712, 8.49888699034203], [76.94793086076504, 8.498877716009687]]]}}, {"type": "Feature", "properties": {"building_local_id": "MSB-0660", "source": "microsoft-global-ml-building-footprints"}, "geometry": {"type": "Polygon", "coordinates": [[[76.94325320305671, 8.496048718268582], [76.94318722867132, 8.496084512816623], [76.94312783288159, 8.495977441241706], [76.94319380531978, 8.49594164317348], [76.94325320305671, 8.496048718268582]]]}}, {"type": "Feature", "properties": {"building_local_id": "MSB-0661", "source": "microsoft-global-ml-building-footprints"}, "geometry": {"type": "Polygon", "coordinates": [[[76.9441654879041, 8.494139383357279], [76.9442659758368, 8.494361400580516], [76.9441199207052, 8.494426064710709], [76.94407091494747, 8.494317774890604], [76.94412007412433, 8.494296010259035], [76.94406860250959, 8.494182271504926], [76.9441654879041, 8.494139383357279]]]}}, {"type": "Feature", "properties": {"building_local_id": "MSB-0662", "source": "microsoft-global-ml-building-footprints"}, "geometry": {"type": "Polygon", "coordinates": [[[76.9445765683196, 8.494999265039908], [76.94452418578962, 8.49502110424369], [76.94446178164812, 8.494874690795058], [76.94451416417816, 8.494852851582962], [76.9445765683196, 8.494999265039908]]]}}, {"type": "Feature", "properties": {"building_local_id": "MSB-0663", "source": "microsoft-global-ml-building-footprints"}, "geometry": {"type": "Polygon", "coordinates": [[[76.94498775564584, 8.49345555022478], [76.94491100373533, 8.493454062623798], [76.94491332386805, 8.493337384702897], [76.944990067525, 8.49333887214435], [76.94498775564584, 8.49345555022478]]]}}, {"type": "Feature", "properties": {"building_local_id": "MSB-0664", "source": "microsoft-global-ml-building-footprints"}, "geometry": {"type": "Polygon", "coordinates": [[[76.94634155094302, 8.493998773512615], [76.94642006033513, 8.493994491120361], [76.94642669686326, 8.494113504600463], [76.94634819586759, 8.494117786533408], [76.94634155094302, 8.493998773512615]]]}}, {"type": "Feature", "properties": {"building_local_id": "MSB-0665", "source": "microsoft-global-ml-building-footprints"}, "geometry": {"type": "Polygon", "coordinates": [[[76.9467528612705, 8.496656725048908], [76.94664829661836, 8.496673415950355], [76.94663563952386, 8.496595853194862], [76.94674020417601, 8.496579162290018], [76.9467528612705, 8.496656725048908]]]}}, {"type": "Feature", "properties": {"building_local_id": "MSB-0666", "source": "microsoft-global-ml-building-footprints"}, "geometry": {"type": "Polygon", "coordinates": [[[76.94732032336194, 8.496865116672126], [76.94725713604983, 8.496866560047152], [76.94725612171618, 8.496823124511408], [76.94731931220214, 8.496821685437808], [76.94732032336194, 8.496865116672126]]]}}, {"type": "Feature", "properties": {"building_local_id": "MSB-0667", "source": "microsoft-global-ml-building-footprints"}, "geometry": {"type": "Polygon", "coordinates": [[[76.94497734295652, 8.497697947276379], [76.94504098897957, 8.497645824543426], [76.94508636732517, 8.497700020618097], [76.94502272349038, 8.497752145957094], [76.94497734295652, 8.497697947276379]]]}}, {"type": "Feature", "properties": {"building_local_id": "MSB-0668", "source": "microsoft-global-ml-building-footprints"}, "geometry": {"type": "Polygon", "coordinates": [[[76.9434938348642, 8.496548881394986], [76.94339205818815, 8.496552713901352], [76.94338895537902, 8.496471965509912], [76.94349073232537, 8.496468140037607], [76.9434938348642, 8.496548881394986]]]}}, {"type": "Feature", "properties": {"building_local_id": "MSB-0669", "source": "microsoft-global-ml-building-footprints"}, "geometry": {"type": "Polygon", "coordinates": [[[76.94511479228528, 8.49588096845008], [76.94520823578107, 8.495869196268472], [76.94521764948377, 8.495942288029667], [76.94512420089818, 8.495954060850224], [76.94511479228528, 8.49588096845008]]]}}, {"type": "Feature", "properties": {"building_local_id": "MSB-0670", "source": "microsoft-global-ml-building-footprints"}, "geometry": {"type": "Polygon", "coordinates": [[[76.94538157686975, 8.4947024211546], [76.94542276642383, 8.494707832697543], [76.94541351250804, 8.49477673123262], [76.94537232736899, 8.494771323121583], [76.94538157686975, 8.4947024211546]]]}}, {"type": "Feature", "properties": {"building_local_id": "MSB-0671", "source": "microsoft-global-ml-building-footprints"}, "geometry": {"type": "Polygon", "coordinates": [[[76.94658241585464, 8.493697284852516], [76.94655497723159, 8.493735120834643], [76.94651359187412, 8.493705762950356], [76.94654102735737, 8.493667927602985], [76.94658241585464, 8.493697284852516]]]}}, {"type": "Feature", "properties": {"building_local_id": "MSB-0672", "source": "microsoft-global-ml-building-footprints"}, "geometry": {"type": "Polygon", "coordinates": [[[76.94839647434905, 8.494254086002655], [76.948330979941, 8.49380719091451], [76.948425553475, 8.493793639681925], [76.94842783816364, 8.493809229054762], [76.94847512493062, 8.493802453438576], [76.94853591123234, 8.494217223217078], [76.94849480770907, 8.494223115688825], [76.9485104122098, 8.494329642938084], [76.94840795754801, 8.494344330511566], [76.94839477389316, 8.49425432965694], [76.94839647434905, 8.494254086002655]]]}}, {"type": "Feature", "properties": {"building_local_id": "MSB-0673", "source": "microsoft-global-ml-building-footprints"}, "geometry": {"type": "Polygon", "coordinates": [[[76.94496091163218, 8.493698713904962], [76.94491012187942, 8.49369578882073], [76.94491510296912, 8.493611186374523], [76.94496589272188, 8.493614111459436], [76.94496091163218, 8.493698713904962]]]}}, {"type": "Feature", "properties": {"building_local_id": "MSB-0674", "source": "microsoft-global-ml-building-footprints"}, "geometry": {"type": "Polygon", "coordinates": [[[76.94598674921107, 8.497670828748227], [76.94605488108057, 8.497766732839494], [76.9460476982185, 8.497771724238902], [76.94607797904939, 8.49781434827122], [76.94600076328253, 8.497868005804577], [76.94590235058214, 8.497729477701625], [76.94598674921107, 8.497670828748227]]]}}, {"type": "Feature", "properties": {"building_local_id": "MSB-0675", "source": "microsoft-global-ml-building-footprints"}, "geometry": {"type": "Polygon", "coordinates": [[[76.94612056016922, 8.493274213995619], [76.94618493318558, 8.493274213995619], [76.94618493318558, 8.493348492214409], [76.94612056016922, 8.493348492214409], [76.94612056016922, 8.493274213995619]]]}}, {"type": "Feature", "properties": {"building_local_id": "MSB-0676", "source": "microsoft-global-ml-building-footprints"}, "geometry": {"type": "Polygon", "coordinates": [[[76.94617376938254, 8.495145829854039], [76.94624544067032, 8.495138586572253], [76.946254663024, 8.495227849077821], [76.94618299173625, 8.49523509235793], [76.94617376938254, 8.495145829854039]]]}}, {"type": "Feature", "properties": {"building_local_id": "MSB-0677", "source": "microsoft-global-ml-building-footprints"}, "geometry": {"type": "Polygon", "coordinates": [[[76.94702625473973, 8.494328962354913], [76.9471096291648, 8.494303707294137], [76.94712285798137, 8.494346426660925], [76.94703948192235, 8.494371676442427], [76.94702625473973, 8.494328962354913]]]}}, {"type": "Feature", "properties": {"building_local_id": "MSB-0678", "source": "microsoft-global-ml-building-footprints"}, "geometry": {"type": "Polygon", "coordinates": [[[76.94326340182515, 8.495399051676515], [76.9433328808365, 8.495473925745614], [76.94323533820463, 8.495562471254942], [76.94316585919333, 8.495487597203095], [76.94326340182515, 8.495399051676515]]]}}, {"type": "Feature", "properties": {"building_local_id": "MSB-0679", "source": "microsoft-global-ml-building-footprints"}, "geometry": {"type": "Polygon", "coordinates": [[[76.9447251264283, 8.496409974616299], [76.94460713151582, 8.496528964724149], [76.94452783594615, 8.496452048875469], [76.94464583085863, 8.496333058743758], [76.9447251264283, 8.496409974616299]]]}}, {"type": "Feature", "properties": {"building_local_id": "MSB-0680", "source": "microsoft-global-ml-building-footprints"}, "geometry": {"type": "Polygon", "coordinates": [[[76.94606232090248, 8.49319703764013], [76.94617509420867, 8.493145562823969], [76.94621387326482, 8.493228668503633], [76.94610109995865, 8.493280143308624], [76.94606232090248, 8.49319703764013]]]}}, {"type": "Feature", "properties": {"building_local_id": "MSB-0681", "source": "microsoft-global-ml-building-footprints"}, "geometry": {"type": "Polygon", "coordinates": [[[76.94618959517825, 8.49766403719282], [76.94612147904795, 8.497727595787467], [76.94608533049265, 8.497689701098437], [76.94615344662299, 8.497626142497523], [76.94618959517825, 8.49766403719282]]]}}, {"type": "Feature", "properties": {"building_local_id": "MSB-0682", "source": "microsoft-global-ml-building-footprints"}, "geometry": {"type": "Polygon", "coordinates": [[[76.94652267218838, 8.498688988312551], [76.94663097840554, 8.498644081364972], [76.9467084562239, 8.498826830022395], [76.94660926405885, 8.49886795799614], [76.94655475037129, 8.498739353902621], [76.94654562531997, 8.498743137416923], [76.94652267218838, 8.498688988312551]]]}}, {"type": "Feature", "properties": {"building_local_id": "MSB-0683", "source": "microsoft-global-ml-building-footprints"}, "geometry": {"type": "Polygon", "coordinates": [[[76.94653521509613, 8.494516576284084], [76.94643579070785, 8.494528709704895], [76.94642522713731, 8.494444037792931], [76.94652465827296, 8.494431910428773], [76.94653521509613, 8.494516576284084]]]}}, {"type": "Feature", "properties": {"building_local_id": "MSB-0684", "source": "microsoft-global-ml-building-footprints"}, "geometry": {"type": "Polygon", "coordinates": [[[76.94666364472647, 8.498520842825016], [76.94662919913092, 8.498537735834844], [76.94660848970727, 8.498496430653148], [76.94664293626236, 8.498479539555348], [76.94666364472647, 8.498520842825016]]]}}, {"type": "Feature", "properties": {"building_local_id": "MSB-0685", "source": "microsoft-global-ml-building-footprints"}, "geometry": {"type": "Polygon", "coordinates": [[[76.9480243823733, 8.494289469760318], [76.94820562084497, 8.494275180412544], [76.94821043165601, 8.494334866859049], [76.94802919217953, 8.49434914373822], [76.9480243823733, 8.494289469760318]]]}}, {"type": "Feature", "properties": {"building_local_id": "MSB-0686", "source": "microsoft-global-ml-building-footprints"}, "geometry": {"type": "Polygon", "coordinates": [[[76.94839552110382, 8.494656918887344], [76.9484652233567, 8.494655370107424], [76.94846986100472, 8.494859531390944], [76.9484001587518, 8.494861080170054], [76.94839552110382, 8.494656918887344]]]}}, {"type": "Feature", "properties": {"building_local_id": "MSB-0687", "source": "microsoft-global-ml-building-footprints"}, "geometry": {"type": "Polygon", "coordinates": [[[76.94448787497862, 8.496127621871437], [76.94456132776003, 8.496025378354588], [76.9446290581664, 8.496072974477883], [76.94455560538498, 8.496175217982056], [76.94448787497862, 8.496127621871437]]]}}, {"type": "Feature", "properties": {"building_local_id": "MSB-0688", "source": "microsoft-global-ml-building-footprints"}, "geometry": {"type": "Polygon", "coordinates": [[[76.94527217879903, 8.49749043110009], [76.9455194447774, 8.49731699593238], [76.94553809168494, 8.497343000312014], [76.94550801717237, 8.497405793989827], [76.94553053084226, 8.497437190824883], [76.94552086403466, 8.497457374503213], [76.94554707163384, 8.497493922767234], [76.94556848705024, 8.49747890175398], [76.9455399178693, 8.497439060103233], [76.94563172083485, 8.497374662105642], [76.94565565499614, 8.497408036620982], [76.94564099165672, 8.497438657265576], [76.94555841422647, 8.497496578004117], [76.94552783445535, 8.497560426604096], [76.9454530443456, 8.497525388619309], [76.94534938820809, 8.497598094182393], [76.94527217879903, 8.49749043110009]]]}}, {"type": "Feature", "properties": {"building_local_id": "MSB-0689", "source": "microsoft-global-ml-building-footprints"}, "geometry": {"type": "Polygon", "coordinates": [[[76.9460868629402, 8.494104417808913], [76.94600104397568, 8.49410540986959], [76.946000492766, 8.494058767377751], [76.94608631166035, 8.494057769377306], [76.9460868629402, 8.494104417808913]]]}}, {"type": "Feature", "properties": {"building_local_id": "MSB-0690", "source": "microsoft-global-ml-building-footprints"}, "geometry": {"type": "Polygon", "coordinates": [[[76.94821386889782, 8.49383955770648], [76.94821914703043, 8.493944461770653], [76.9481281768729, 8.493948932681064], [76.94812289905632, 8.49384403489961], [76.94821386889782, 8.49383955770648]]]}}, {"type": "Feature", "properties": {"building_local_id": "MSB-0691", "source": "microsoft-global-ml-building-footprints"}, "geometry": {"type": "Polygon", "coordinates": [[[76.94875395426178, 8.495419640459772], [76.9487565075011, 8.495530999719847], [76.94865301248586, 8.49553332802374], [76.94865045137023, 8.495421968941557], [76.94875395426178, 8.495419640459772]]]}}, {"type": "Feature", "properties": {"building_local_id": "MSB-0692", "source": "microsoft-global-ml-building-footprints"}, "geometry": {"type": "Polygon", "coordinates": [[[76.94440019237032, 8.49714992297389], [76.94446675664506, 8.49712853442125], [76.94448331247509, 8.497178922778403], [76.94441674497504, 8.497200312364598], [76.94440019237032, 8.49714992297389]]]}}, {"type": "Feature", "properties": {"building_local_id": "MSB-0693", "source": "microsoft-global-ml-building-footprints"}, "geometry": {"type": "Polygon", "coordinates": [[[76.94447196712613, 8.493481623534507], [76.94449320924265, 8.493355125959624], [76.94466026266726, 8.493382566486531], [76.9446390205508, 8.493509064052361], [76.94447196712613, 8.493481623534507]]]}}, {"type": "Feature", "properties": {"building_local_id": "MSB-0694", "source": "microsoft-global-ml-building-footprints"}, "geometry": {"type": "Polygon", "coordinates": [[[76.94452214567458, 8.498025222930522], [76.94446354589779, 8.498090441570966], [76.94439910196104, 8.498033802360169], [76.94445770173783, 8.497968583710076], [76.94452214567458, 8.498025222930522]]]}}, {"type": "Feature", "properties": {"building_local_id": "MSB-0695", "source": "microsoft-global-ml-building-footprints"}, "geometry": {"type": "Polygon", "coordinates": [[[76.94606532516752, 8.494517402334992], [76.94603733559967, 8.494595078658591], [76.94592547860208, 8.49455565204174], [76.94596025351974, 8.494459145081976], [76.94602213185884, 8.494480955556867], [76.94601534650903, 8.49449978618398], [76.94606532516752, 8.494517402334992]]]}}, {"type": "Feature", "properties": {"building_local_id": "MSB-0696", "source": "microsoft-global-ml-building-footprints"}, "geometry": {"type": "Polygon", "coordinates": [[[76.94620620924745, 8.497933252367005], [76.9462937566859, 8.497751719725926], [76.94636586472384, 8.497785735775992], [76.94627831728543, 8.497967268400998], [76.94620620924745, 8.497933252367005]]]}}, {"type": "Feature", "properties": {"building_local_id": "MSB-0697", "source": "microsoft-global-ml-building-footprints"}, "geometry": {"type": "Polygon", "coordinates": [[[76.94668061001028, 8.496058938916875], [76.94658383505651, 8.496094281966379], [76.94655420098132, 8.49601491025237], [76.94665097593509, 8.495979567195576], [76.94668061001028, 8.496058938916875]]]}}, {"type": "Feature", "properties": {"building_local_id": "MSB-0698", "source": "microsoft-global-ml-building-footprints"}, "geometry": {"type": "Polygon", "coordinates": [[[76.94603335884246, 8.49463540960457], [76.94602764845578, 8.49474764176891], [76.94584304286005, 8.494738466747748], [76.94584788966696, 8.494643207413688], [76.94582113523282, 8.494641877700133], [76.94582611667327, 8.49454397224845], [76.94584315464323, 8.494544819047363], [76.94584799472608, 8.49444955933103], [76.94591488104612, 8.494452883628227], [76.94590963762303, 8.49455608165232], [76.94591667784883, 8.494556431556404], [76.94591296431167, 8.494629417580583], [76.94603335884246, 8.49463540960457]]]}}, {"type": "Feature", "properties": {"building_local_id": "MSB-0699", "source": "microsoft-global-ml-building-footprints"}, "geometry": {"type": "Polygon", "coordinates": [[[76.94463157543862, 8.496958308219206], [76.94464503280129, 8.49700200497442], [76.94460715089237, 8.497013414199401], [76.94459369635952, 8.496969716593199], [76.94463157543862, 8.496958308219206]]]}}, {"type": "Feature", "properties": {"building_local_id": "MSB-0700", "source": "microsoft-global-ml-building-footprints"}, "geometry": {"type": "Polygon", "coordinates": [[[76.94466807551107, 8.496991442936178], [76.9447798204196, 8.496971633479802], [76.94479379435337, 8.497048739304631], [76.94468204944484, 8.497068548757028], [76.94466807551107, 8.496991442936178]]]}}, {"type": "Feature", "properties": {"building_local_id": "MSB-0701", "source": "microsoft-global-ml-building-footprints"}, "geometry": {"type": "Polygon", "coordinates": [[[76.9448551135154, 8.493831617597934], [76.9448605757981, 8.493747073143041], [76.94501453471463, 8.493756792523314], [76.94500907839044, 8.493841337352265], [76.9448551135154, 8.493831617597934]]]}}, {"type": "Feature", "properties": {"building_local_id": "MSB-0702", "source": "microsoft-global-ml-building-footprints"}, "geometry": {"type": "Polygon", "coordinates": [[[76.94530746508448, 8.498479295458381], [76.94517946712628, 8.498515045792033], [76.94515490826542, 8.498429058654736], [76.9452555868011, 8.49840093873732], [76.9452675126534, 8.498442704688301], [76.94529483771146, 8.498435072690853], [76.94530746508448, 8.498479295458381]]]}}, {"type": "Feature", "properties": {"building_local_id": "MSB-0703", "source": "microsoft-global-ml-building-footprints"}, "geometry": {"type": "Polygon", "coordinates": [[[76.94698792426988, 8.496778681181752], [76.94687569817175, 8.496785525106603], [76.94687082006214, 8.496707280568515], [76.9469830456778, 8.496700428903381], [76.94698792426988, 8.496778681181752]]]}}, {"type": "Feature", "properties": {"building_local_id": "MSB-0704", "source": "microsoft-global-ml-building-footprints"}, "geometry": {"type": "Polygon", "coordinates": [[[76.94699224024542, 8.494031964464014], [76.94688775622758, 8.494028427771525], [76.94689284451825, 8.49388108337186], [76.94699732878557, 8.493884612841612], [76.94699224024542, 8.494031964464014]]]}}, {"type": "Feature", "properties": {"building_local_id": "MSB-0705", "source": "microsoft-global-ml-building-footprints"}, "geometry": {"type": "Polygon", "coordinates": [[[76.94365628440221, 8.495137518884903], [76.94378948579457, 8.495071851746133], [76.94386980305126, 8.495231214595734], [76.94388913873723, 8.495221682272145], [76.94392391005114, 8.495290674346677], [76.94380789917699, 8.49534787470644], [76.9437463522024, 8.49522575527412], [76.94370982923998, 8.495243760773803], [76.94365628440221, 8.495137518884903]]]}}, {"type": "Feature", "properties": {"building_local_id": "MSB-0706", "source": "microsoft-global-ml-building-footprints"}, "geometry": {"type": "Polygon", "coordinates": [[[76.94457920400212, 8.493852446192093], [76.94453727219981, 8.493853055731236], [76.94453687806329, 8.49382653356183], [76.94461464532536, 8.49382540310259], [76.94461531535742, 8.493870490789604], [76.94464749491416, 8.493870023013415], [76.94464895321924, 8.493968155019914], [76.94458094645906, 8.493969143595848], [76.94457920400212, 8.493852446192093]]]}}, {"type": "Feature", "properties": {"building_local_id": "MSB-0707", "source": "microsoft-global-ml-building-footprints"}, "geometry": {"type": "Polygon", "coordinates": [[[76.94571217593167, 8.494903819093608], [76.94570867416216, 8.495039022261238], [76.94563630200749, 8.495037188722819], [76.94563918581768, 8.494925844940582], [76.94566062941905, 8.494926388211411], [76.94566124737838, 8.494902528825335], [76.94571217593167, 8.494903819093608]]]}}, {"type": "Feature", "properties": {"building_local_id": "MSB-0708", "source": "microsoft-global-ml-building-footprints"}, "geometry": {"type": "Polygon", "coordinates": [[[76.94773637644376, 8.494770203275166], [76.94773866398184, 8.494846085369929], [76.94755208471963, 8.494851587243687], [76.94754979220646, 8.494775718212239], [76.94773637644376, 8.494770203275166]]]}}, {"type": "Feature", "properties": {"building_local_id": "MSB-0709", "source": "microsoft-global-ml-building-footprints"}, "geometry": {"type": "Polygon", "coordinates": [[[76.94520259022224, 8.495654686962112], [76.94521598420229, 8.49565421411954], [76.94521292443528, 8.495569433253479], [76.94530936109159, 8.495566028786257], [76.94531270771174, 8.49565875785838], [76.94525645299557, 8.495660743797117], [76.94525773757545, 8.4956963372845], [76.94520416178896, 8.495698232358379], [76.94520259022224, 8.495654686962112]]]}}, {"type": "Feature", "properties": {"building_local_id": "MSB-0710", "source": "microsoft-global-ml-building-footprints"}, "geometry": {"type": "Polygon", "coordinates": [[[76.9456213963549, 8.49793047492814], [76.94552775485023, 8.497925827403478], [76.94552976875678, 8.497886135929477], [76.94562341026142, 8.497890783454594], [76.9456213963549, 8.49793047492814]]]}}, {"type": "Feature", "properties": {"building_local_id": "MSB-0711", "source": "microsoft-global-ml-building-footprints"}, "geometry": {"type": "Polygon", "coordinates": [[[76.94622739985284, 8.494886179087032], [76.94636439964495, 8.494864566743985], [76.94637333402147, 8.494919941252903], [76.94623633189946, 8.494941563443845], [76.94622739985284, 8.494886179087032]]]}}, {"type": "Feature", "properties": {"building_local_id": "MSB-0712", "source": "microsoft-global-ml-building-footprints"}, "geometry": {"type": "Polygon", "coordinates": [[[76.94793363493007, 8.498080227577248], [76.94810280955434, 8.498050986876919], [76.94813937570537, 8.498257840724705], [76.94797020308977, 8.498287092772273], [76.94793363493007, 8.498080227577248]]]}}, {"type": "Feature", "properties": {"building_local_id": "MSB-0713", "source": "microsoft-global-ml-building-footprints"}, "geometry": {"type": "Polygon", "coordinates": [[[76.94561756603647, 8.4935898810743], [76.94567117348636, 8.493591268902875], [76.94567026139431, 8.493625731579144], [76.94561665394443, 8.493624343750696], [76.94561756603647, 8.4935898810743]]]}}, {"type": "Feature", "properties": {"building_local_id": "MSB-0714", "source": "microsoft-global-ml-building-footprints"}, "geometry": {"type": "Polygon", "coordinates": [[[76.9461014477525, 8.497558503444182], [76.94614228555831, 8.49760732620787], [76.94610406773816, 8.497638595489022], [76.94606322993235, 8.497589772729313], [76.9461014477525, 8.497558503444182]]]}}, {"type": "Feature", "properties": {"building_local_id": "MSB-0715", "source": "microsoft-global-ml-building-footprints"}, "geometry": {"type": "Polygon", "coordinates": [[[76.94689173220385, 8.49361014081505], [76.9470514992658, 8.4935670317941], [76.94707628697203, 8.493656870820928], [76.9470147978068, 8.493673466339274], [76.94700934942345, 8.493653714493107], [76.9469110730658, 8.493680238630844], [76.94689173220385, 8.49361014081505]]]}}, {"type": "Feature", "properties": {"building_local_id": "MSB-0716", "source": "microsoft-global-ml-building-footprints"}, "geometry": {"type": "Polygon", "coordinates": [[[76.94834572564706, 8.49820661082363], [76.94848769141764, 8.498201451689752], [76.9484908706219, 8.498287187811357], [76.94843854957875, 8.498289085572026], [76.94844140383942, 8.498365912050062], [76.94831818826496, 8.498370381257985], [76.94831618451552, 8.498316447499533], [76.94834975329475, 8.498315227587327], [76.94834572564706, 8.49820661082363]]]}}, {"type": "Feature", "properties": {"building_local_id": "MSB-0717", "source": "microsoft-global-ml-building-footprints"}, "geometry": {"type": "Polygon", "coordinates": [[[76.94549274887427, 8.496516630585248], [76.94557639212404, 8.49662964122028], [76.94549955015002, 8.496685273169604], [76.94541590433685, 8.496572259087586], [76.94549274887427, 8.496516630585248]]]}}, {"type": "Feature", "properties": {"building_local_id": "MSB-0718", "source": "microsoft-global-ml-building-footprints"}, "geometry": {"type": "Polygon", "coordinates": [[[76.94589615556788, 8.49763568746954], [76.94587241647518, 8.497540683045443], [76.94602801600892, 8.49750266256332], [76.94603639380954, 8.497536200228339], [76.94599202338976, 8.497547045135903], [76.94600738172184, 8.49760850955461], [76.94589615556788, 8.49763568746954]]]}}, {"type": "Feature", "properties": {"building_local_id": "MSB-0719", "source": "microsoft-global-ml-building-footprints"}, "geometry": {"type": "Polygon", "coordinates": [[[76.94633151894638, 8.495300632759736], [76.94639981686655, 8.495284038734653], [76.94643896580033, 8.495441652002285], [76.9463706678802, 8.495458246020547], [76.94633151894638, 8.495300632759736]]]}}, {"type": "Feature", "properties": {"building_local_id": "MSB-0720", "source": "microsoft-global-ml-building-footprints"}, "geometry": {"type": "Polygon", "coordinates": [[[76.94668798377784, 8.498031693122442], [76.94669303827838, 8.498062720840679], [76.94674793955183, 8.498053972579243], [76.94675510009426, 8.498097928510134], [76.94670542751354, 8.4981058436029], [76.94671006080569, 8.498134285672535], [76.94665254518586, 8.498143450515911], [76.94666096935346, 8.498195163363178], [76.94651456595757, 8.49821849205128], [76.9465002448727, 8.498130580212148], [76.94648717314092, 8.49813266313113], [76.9464762217231, 8.498065436417392], [76.94668798377784, 8.498031693122442]]]}}, {"type": "Feature", "properties": {"building_local_id": "MSB-0721", "source": "microsoft-global-ml-building-footprints"}, "geometry": {"type": "Polygon", "coordinates": [[[76.94855745247852, 8.494599388542042], [76.94854567948714, 8.494499946105378], [76.94876529186958, 8.494474513501714], [76.94877706486096, 8.494573955944972], [76.94855745247852, 8.494599388542042]]]}}, {"type": "Feature", "properties": {"building_local_id": "MSB-0722", "source": "microsoft-global-ml-building-footprints"}, "geometry": {"type": "Polygon", "coordinates": [[[76.94588928243334, 8.493393804782102], [76.94588686143909, 8.493445640840704], [76.94579318431067, 8.493441354622561], [76.94579560500269, 8.493389525034019], [76.94588928243334, 8.493393804782102]]]}}, {"type": "Feature", "properties": {"building_local_id": "MSB-0723", "source": "microsoft-global-ml-building-footprints"}, "geometry": {"type": "Polygon", "coordinates": [[[76.94705164105034, 8.498145047974475], [76.94710732467205, 8.498320375993984], [76.94699013825296, 8.498356773116527], [76.94693445697612, 8.498181452496894], [76.94705164105034, 8.498145047974475]]]}}, {"type": "Feature", "properties": {"building_local_id": "MSB-0724", "source": "microsoft-global-ml-building-footprints"}, "geometry": {"type": "Polygon", "coordinates": [[[76.94863068837383, 8.49515649957209], [76.94862935175681, 8.495206867707736], [76.94860090165406, 8.495206129204576], [76.94860223470924, 8.495155760976402], [76.94863068837383, 8.49515649957209]]]}}, {"type": "Feature", "properties": {"building_local_id": "MSB-0725", "source": "microsoft-global-ml-building-footprints"}, "geometry": {"type": "Polygon", "coordinates": [[[76.9488665202513, 8.494319733662707], [76.94886860693073, 8.49436374474331], [76.94889366653088, 8.494362580791886], [76.94889768848306, 8.494447283133923], [76.94880036238995, 8.494451803669719], [76.9487942595025, 8.494323084979683], [76.9488665202513, 8.494319733662707]]]}}, {"type": "Feature", "properties": {"building_local_id": "MSB-0726", "source": "microsoft-global-ml-building-footprints"}, "geometry": {"type": "Polygon", "coordinates": [[[76.94469242615749, 8.495668953722841], [76.94459933014939, 8.495786163256753], [76.94451971455051, 8.49572430716914], [76.94461281326541, 8.495607094208452], [76.94469242615749, 8.495668953722841]]]}}, {"type": "Feature", "properties": {"building_local_id": "MSB-0727", "source": "microsoft-global-ml-building-footprints"}, "geometry": {"type": "Polygon", "coordinates": [[[76.9459794820131, 8.498332279941621], [76.94596055109011, 8.4982159183986], [76.94605205924317, 8.498201356010355], [76.94605879023801, 8.498242729009036], [76.94608110319852, 8.498239178178252], [76.94610339016528, 8.498376227710224], [76.94603141080393, 8.498387682328215], [76.94602131431165, 8.498325622851937], [76.9459794820131, 8.498332279941621]]]}}, {"type": "Feature", "properties": {"building_local_id": "MSB-0728", "source": "microsoft-global-ml-building-footprints"}, "geometry": {"type": "Polygon", "coordinates": [[[76.94707696873269, 8.495611770891117], [76.94715986315269, 8.495607232117038], [76.94716089940782, 8.495625744821382], [76.9470165026762, 8.495633651072637], [76.9470135419473, 8.495580757630364], [76.94707504425891, 8.495577390152533], [76.94707696873269, 8.495611770891117]]]}}, {"type": "Feature", "properties": {"building_local_id": "MSB-0729", "source": "microsoft-global-ml-building-footprints"}, "geometry": {"type": "Polygon", "coordinates": [[[76.94796338481953, 8.49866418924644], [76.94795755371925, 8.498532769913552], [76.94803124388139, 8.498529571677352], [76.94804574541824, 8.498856924338881], [76.94792656809754, 8.498862088515153], [76.94791787476598, 8.49866616128321], [76.94796338481953, 8.49866418924644]]]}}, {"type": "Feature", "properties": {"building_local_id": "MSB-0730", "source": "microsoft-global-ml-building-footprints"}, "geometry": {"type": "Polygon", "coordinates": [[[76.94371584246306, 8.494016440201378], [76.94373513572236, 8.49394024163793], [76.94382943081547, 8.493963596004576], [76.94381013092674, 8.49403979944826], [76.94371584246306, 8.494016440201378]]]}}, {"type": "Feature", "properties": {"building_local_id": "MSB-0731", "source": "microsoft-global-ml-building-footprints"}, "geometry": {"type": "Polygon", "coordinates": [[[76.94402448585143, 8.4947871432679], [76.94411064077194, 8.494735324434458], [76.94420773337758, 8.494893229815787], [76.94412157578004, 8.494945044274175], [76.94402448585143, 8.4947871432679]]]}}, {"type": "Feature", "properties": {"building_local_id": "MSB-0732", "source": "microsoft-global-ml-building-footprints"}, "geometry": {"type": "Polygon", "coordinates": [[[76.94563990367193, 8.49552290395718], [76.94568122161596, 8.495593685028041], [76.94556454424631, 8.49566030810739], [76.94552322983814, 8.495589533106099], [76.94563990367193, 8.49552290395718]]]}}, {"type": "Feature", "properties": {"building_local_id": "MSB-0733", "source": "microsoft-global-ml-building-footprints"}, "geometry": {"type": "Polygon", "coordinates": [[[76.94628648269746, 8.495583717146033], [76.94627023044735, 8.49569547583755], [76.94619506890749, 8.495684789403612], [76.94621131340907, 8.4955730296073], [76.94628648269746, 8.495583717146033]]]}}, {"type": "Feature", "properties": {"building_local_id": "MSB-0734", "source": "microsoft-global-ml-building-footprints"}, "geometry": {"type": "Polygon", "coordinates": [[[76.94698744852388, 8.49807259436571], [76.9469999966471, 8.498139255697012], [76.94691704114236, 8.498154529977526], [76.94690449301913, 8.498087868648867], [76.94698744852388, 8.49807259436571]]]}}, {"type": "Feature", "properties": {"building_local_id": "MSB-0735", "source": "microsoft-global-ml-building-footprints"}, "geometry": {"type": "Polygon", "coordinates": [[[76.9485035646916, 8.494609888234038], [76.94843097588324, 8.494623248832667], [76.94842229492481, 8.4945770965152], [76.94849488373318, 8.494563735914966], [76.9485035646916, 8.494609888234038]]]}}, {"type": "Feature", "properties": {"building_local_id": "MSB-0736", "source": "microsoft-global-ml-building-footprints"}, "geometry": {"type": "Polygon", "coordinates": [[[76.94302114154314, 8.493242785429274], [76.94310153018573, 8.493245256112843], [76.94309894883712, 8.493327413381834], [76.94301856019453, 8.493324942698749], [76.94302114154314, 8.493242785429274]]]}}, {"type": "Feature", "properties": {"building_local_id": "MSB-0737", "source": "microsoft-global-ml-building-footprints"}, "geometry": {"type": "Polygon", "coordinates": [[[76.94435000087356, 8.497516042547488], [76.9442178293288, 8.49758502583731], [76.94419517500964, 8.49754256807239], [76.94432735037277, 8.497473591931254], [76.94435000087356, 8.497516042547488]]]}}, {"type": "Feature", "properties": {"building_local_id": "MSB-0738", "source": "microsoft-global-ml-building-footprints"}, "geometry": {"type": "Polygon", "coordinates": [[[76.94725456073871, 8.496487030123959], [76.94715820340475, 8.496491392251073], [76.94715702362109, 8.49646593920508], [76.94701248808295, 8.49647249237995], [76.94701084525464, 8.496437049452084], [76.94705099414377, 8.496435231898857], [76.94704785147545, 8.496367430910553], [76.94724859527842, 8.496358329276248], [76.94725456073871, 8.496487030123959]]]}}, {"type": "Feature", "properties": {"building_local_id": "MSB-0739", "source": "microsoft-global-ml-building-footprints"}, "geometry": {"type": "Polygon", "coordinates": [[[76.94747798960356, 8.494962005642023], [76.94775093652522, 8.494948950133974], [76.9477623250457, 8.495181850165295], [76.94751346167591, 8.495193753709557], [76.947514367581, 8.495212279841752], [76.94759197013713, 8.495208567984093], [76.94759810097497, 8.495333946127502], [76.94744022044556, 8.495341508738548], [76.94743227726453, 8.495179067429532], [76.94748847221898, 8.495176379532381], [76.94747798960356, 8.494962005642023]]]}}, {"type": "Feature", "properties": {"building_local_id": "MSB-0740", "source": "microsoft-global-ml-building-footprints"}, "geometry": {"type": "Polygon", "coordinates": [[[76.94387404490844, 8.493935065162248], [76.94379703513137, 8.493923604148947], [76.9438256468715, 8.49373546050846], [76.94390267046097, 8.493746918251375], [76.94387404490844, 8.493935065162248]]]}}, {"type": "Feature", "properties": {"building_local_id": "MSB-0741", "source": "microsoft-global-ml-building-footprints"}, "geometry": {"type": "Polygon", "coordinates": [[[76.9441510954982, 8.497414234369785], [76.94425189452052, 8.49735466167462], [76.9443003178569, 8.49743480663318], [76.94419951883458, 8.49749437931591], [76.9441510954982, 8.497414234369785]]]}}, {"type": "Feature", "properties": {"building_local_id": "MSB-0742", "source": "microsoft-global-ml-building-footprints"}, "geometry": {"type": "Polygon", "coordinates": [[[76.94475579988739, 8.493510343211966], [76.94467005387558, 8.493507678198313], [76.94467274844159, 8.493422872587473], [76.94475849445341, 8.493425537601695], [76.94475579988739, 8.493510343211966]]]}}, {"type": "Feature", "properties": {"building_local_id": "MSB-0743", "source": "microsoft-global-ml-building-footprints"}, "geometry": {"type": "Polygon", "coordinates": [[[76.94529525562652, 8.497936584637017], [76.94517633629948, 8.498044987145548], [76.945112176768, 8.497976140095133], [76.94523109609503, 8.497867737567134], [76.94529525562652, 8.497936584637017]]]}}, {"type": "Feature", "properties": {"building_local_id": "MSB-0744", "source": "microsoft-global-ml-building-footprints"}, "geometry": {"type": "Polygon", "coordinates": [[[76.94699958702908, 8.49517778649357], [76.94710908667663, 8.495170684347613], [76.947116550287, 8.49528324574409], [76.94700705013898, 8.495290340340716], [76.94699958702908, 8.49517778649357]]]}}, {"type": "Feature", "properties": {"building_local_id": "MSB-0745", "source": "microsoft-global-ml-building-footprints"}, "geometry": {"type": "Polygon", "coordinates": [[[76.94717033271203, 8.498151684918923], [76.94721318238145, 8.498260944035593], [76.94712225818027, 8.498295830594913], [76.9470794063653, 8.498186566017424], [76.94717033271203, 8.498151684918923]]]}}, {"type": "Feature", "properties": {"building_local_id": "MSB-0746", "source": "microsoft-global-ml-building-footprints"}, "geometry": {"type": "Polygon", "coordinates": [[[76.94735661835298, 8.498465939588783], [76.9475213692605, 8.498470501232475], [76.94752109730892, 8.498480108679416], [76.94750375143407, 8.498479627204006], [76.9475018426955, 8.498546890548454], [76.94735443701755, 8.498542809162487], [76.94735661835298, 8.498465939588783]]]}}, {"type": "Feature", "properties": {"building_local_id": "MSB-0747", "source": "microsoft-global-ml-building-footprints"}, "geometry": {"type": "Polygon", "coordinates": [[[76.9435636058965, 8.495534454413033], [76.94360073108624, 8.495577179741957], [76.94353284640715, 8.495634874477958], [76.94349572121743, 8.495592149155485], [76.9435636058965, 8.495534454413033]]]}}, {"type": "Feature", "properties": {"building_local_id": "MSB-0748", "source": "microsoft-global-ml-building-footprints"}, "geometry": {"type": "Polygon", "coordinates": [[[76.94455838554012, 8.493766993854763], [76.94456175006746, 8.493678124487403], [76.94464746080949, 8.493681292708501], [76.94464409605784, 8.493770167999855], [76.94455838554012, 8.493766993854763]]]}}, {"type": "Feature", "properties": {"building_local_id": "MSB-0749", "source": "microsoft-global-ml-building-footprints"}, "geometry": {"type": "Polygon", "coordinates": [[[76.94459743860982, 8.497601806876133], [76.9446743060544, 8.497740532925377], [76.94456498115666, 8.497799786585688], [76.94448811371208, 8.497661060557888], [76.94459743860982, 8.497601806876133]]]}}, {"type": "Feature", "properties": {"building_local_id": "MSB-0750", "source": "microsoft-global-ml-building-footprints"}, "geometry": {"type": "Polygon", "coordinates": [[[76.94461621011126, 8.496220597731494], [76.94471308054601, 8.496115346656964], [76.9447629538445, 8.49616024337955], [76.94466608167214, 8.496265496329684], [76.94461621011126, 8.496220597731494]]]}}, {"type": "Feature", "properties": {"building_local_id": "MSB-0751", "source": "microsoft-global-ml-building-footprints"}, "geometry": {"type": "Polygon", "coordinates": [[[76.94523757094544, 8.498763975599715], [76.94548624843088, 8.498750308064757], [76.94549070626431, 8.498829645727398], [76.94524202877882, 8.498843313259528], [76.94523757094544, 8.498763975599715]]]}}, {"type": "Feature", "properties": {"building_local_id": "MSB-0752", "source": "microsoft-global-ml-building-footprints"}, "geometry": {"type": "Polygon", "coordinates": [[[76.9474871936807, 8.4939632107466], [76.9472292817275, 8.494007075455755], [76.94720688214132, 8.493878245636623], [76.94730066830611, 8.493862294828517], [76.94730918014886, 8.493911250166917], [76.94747330593727, 8.493883336254697], [76.9474871936807, 8.4939632107466]]]}}, {"type": "Feature", "properties": {"building_local_id": "MSB-0753", "source": "microsoft-global-ml-building-footprints"}, "geometry": {"type": "Polygon", "coordinates": [[[76.94785174178875, 8.497143751553068], [76.94824619292687, 8.497088624520615], [76.94823926180148, 8.497040136951668], [76.94827756533826, 8.49703478113851], [76.94829205744213, 8.497136212702031], [76.94833150255594, 8.49713069726863], [76.94834103238372, 8.497197397393123], [76.9482869617121, 8.497204954108568], [76.94829155514952, 8.497237088071017], [76.94787344099926, 8.497295551077798], [76.94785174178875, 8.497143751553068]]]}}, {"type": "Feature", "properties": {"building_local_id": "MSB-0754", "source": "microsoft-global-ml-building-footprints"}, "geometry": {"type": "Polygon", "coordinates": [[[76.94829168780541, 8.49446000999994], [76.94821939777434, 8.49446303741432], [76.94821679026172, 8.494402132540799], [76.94805346833962, 8.494408972255854], [76.94805086082705, 8.49434806737375], [76.9482864727802, 8.49433820024224], [76.94829168780541, 8.49446000999994]]]}}, {"type": "Feature", "properties": {"building_local_id": "MSB-0755", "source": "microsoft-global-ml-building-footprints"}, "geometry": {"type": "Polygon", "coordinates": [[[76.94319078593088, 8.497272044624708], [76.94302932489299, 8.497363635361282], [76.94300270029218, 8.497317724878641], [76.94295426198079, 8.497345202098629], [76.94283850284674, 8.497145591254892], [76.94292326989165, 8.497097506093567], [76.94289780288219, 8.497053591688484], [76.942988624716, 8.49700207186018], [76.94302219486485, 8.49705995903723], [76.94309283406895, 8.497019888060933], [76.94310440998237, 8.49703984915655], [76.94306808124882, 8.497060457086661], [76.94319078593088, 8.497272044624708]]]}}, {"type": "Feature", "properties": {"building_local_id": "MSB-0756", "source": "microsoft-global-ml-building-footprints"}, "geometry": {"type": "Polygon", "coordinates": [[[76.94458302716211, 8.497303962966896], [76.94452487308423, 8.497358254283043], [76.94444989604962, 8.497279696243282], [76.94450805012748, 8.497225404916023], [76.94458302716211, 8.497303962966896]]]}}, {"type": "Feature", "properties": {"building_local_id": "MSB-0757", "source": "microsoft-global-ml-building-footprints"}, "geometry": {"type": "Polygon", "coordinates": [[[76.94553751098937, 8.497673400985676], [76.94554068900285, 8.497787383119771], [76.94541740113786, 8.497790745531333], [76.9454142231244, 8.497676763398275], [76.94553751098937, 8.497673400985676]]]}}, {"type": "Feature", "properties": {"building_local_id": "MSB-0758", "source": "microsoft-global-ml-building-footprints"}, "geometry": {"type": "Polygon", "coordinates": [[[76.94571301735876, 8.493075814236633], [76.94571064348526, 8.493124572882849], [76.94551261850017, 8.493115155801277], [76.94551499303945, 8.49306638347801], [76.94571301735876, 8.493075814236633]]]}}, {"type": "Feature", "properties": {"building_local_id": "MSB-0759", "source": "microsoft-global-ml-building-footprints"}, "geometry": {"type": "Polygon", "coordinates": [[[76.94599417378862, 8.498377167918008], [76.94600322051414, 8.498440675289999], [76.94588626024768, 8.498456972591384], [76.94587721679856, 8.498393456669731], [76.94599417378862, 8.498377167918008]]]}}, {"type": "Feature", "properties": {"building_local_id": "MSB-0760", "source": "microsoft-global-ml-building-footprints"}, "geometry": {"type": "Polygon", "coordinates": [[[76.94692165758366, 8.494296306539354], [76.94686005888336, 8.49429866449131], [76.94685536211867, 8.4941784267113], [76.94691696098528, 8.494176073016163], [76.94692165758366, 8.494296306539354]]]}}, {"type": "Feature", "properties": {"building_local_id": "MSB-0761", "source": "microsoft-global-ml-building-footprints"}, "geometry": {"type": "Polygon", "coordinates": [[[76.94501884617095, 8.498067289713205], [76.9450855011919, 8.498006474074955], [76.94516169625128, 8.498088161529367], [76.94509504123033, 8.498148977154656], [76.94501884617095, 8.498067289713205]]]}}, {"type": "Feature", "properties": {"building_local_id": "MSB-0762", "source": "microsoft-global-ml-building-footprints"}, "geometry": {"type": "Polygon", "coordinates": [[[76.94308181721644, 8.495902536863], [76.94300160744828, 8.495953827919692], [76.94291784650575, 8.495825686371674], [76.94299805243864, 8.495774403302264], [76.94308181721644, 8.495902536863]]]}}, {"type": "Feature", "properties": {"building_local_id": "MSB-0763", "source": "microsoft-global-ml-building-footprints"}, "geometry": {"type": "Polygon", "coordinates": [[[76.9432188117239, 8.496661207695325], [76.94321618198482, 8.496825638283283], [76.94314378045573, 8.496824505644085], [76.9431464101948, 8.496660075055644], [76.9432188117239, 8.496661207695325]]]}}, {"type": "Feature", "properties": {"building_local_id": "MSB-0764", "source": "microsoft-global-ml-building-footprints"}, "geometry": {"type": "Polygon", "coordinates": [[[76.9445789210953, 8.494498767236351], [76.94465174040157, 8.494552036581439], [76.94460756447214, 8.494611113090428], [76.94459716136599, 8.494603503651106], [76.94457594216999, 8.494631880097742], [76.94451352562174, 8.494586220669035], [76.9445789210953, 8.494498767236351]]]}}, {"type": "Feature", "properties": {"building_local_id": "MSB-0765", "source": "microsoft-global-ml-building-footprints"}, "geometry": {"type": "Polygon", "coordinates": [[[76.94478854578291, 8.496463852760854], [76.94489045544326, 8.496576290647852], [76.94484286757502, 8.496618484302715], [76.94478554514333, 8.496555239935589], [76.9447638656385, 8.496574462011651], [76.94471927407002, 8.496525267559377], [76.94478854578291, 8.496463852760854]]]}}, {"type": "Feature", "properties": {"building_local_id": "MSB-0766", "source": "microsoft-global-ml-building-footprints"}, "geometry": {"type": "Polygon", "coordinates": [[[76.9469872783787, 8.49540813700753], [76.94698905625135, 8.495445192350417], [76.94692750424697, 8.495448085353843], [76.94692572637433, 8.495411030011226], [76.9469872783787, 8.49540813700753]]]}}, {"type": "Feature", "properties": {"building_local_id": "MSB-0767", "source": "microsoft-global-ml-building-footprints"}, "geometry": {"type": "Polygon", "coordinates": [[[76.94574698316062, 8.49402244089066], [76.94575667832537, 8.493754852755927], [76.94586918663268, 8.493758840189287], [76.94586486700481, 8.493878062647369], [76.94583369327586, 8.493876957812276], [76.9458306155487, 8.493961737992237], [76.94586447403864, 8.493962937978282], [76.94586687383192, 8.493896703298589], [76.94595527321621, 8.49389983628079], [76.94595056962146, 8.494029656241196], [76.94574698316062, 8.49402244089066]]]}}, {"type": "Feature", "properties": {"building_local_id": "MSB-0768", "source": "microsoft-global-ml-building-footprints"}, "geometry": {"type": "Polygon", "coordinates": [[[76.94607635575365, 8.49593321247201], [76.94608927560384, 8.495987468960621], [76.94603233358694, 8.496000728400759], [76.94599762999322, 8.495854948458245], [76.94609268166523, 8.495832814847347], [76.94611447458766, 8.4959243335324], [76.94607635575365, 8.49593321247201]]]}}, {"type": "Feature", "properties": {"building_local_id": "MSB-0769", "source": "microsoft-global-ml-building-footprints"}, "geometry": {"type": "Polygon", "coordinates": [[[76.94648372090202, 8.494545772477636], [76.94649224320158, 8.494605599014278], [76.94641431658853, 8.494616457455734], [76.94640579013779, 8.494556631499208], [76.94648372090202, 8.494545772477636]]]}}, {"type": "Feature", "properties": {"building_local_id": "MSB-0770", "source": "microsoft-global-ml-building-footprints"}, "geometry": {"type": "Polygon", "coordinates": [[[76.94677953693633, 8.496220556640537], [76.94678735245297, 8.496258785303297], [76.9466842781699, 8.496279397956954], [76.94665166045817, 8.496119852312788], [76.9467985393146, 8.49609046950107], [76.94682334350667, 8.49621179626152], [76.94677953693633, 8.496220556640537]]]}}, {"type": "Feature", "properties": {"building_local_id": "MSB-0771", "source": "microsoft-global-ml-building-footprints"}, "geometry": {"type": "Polygon", "coordinates": [[[76.94710682556936, 8.494761183445164], [76.94725770339257, 8.494740107632367], [76.94727925617016, 8.494890958391096], [76.94712836788078, 8.494912035657606], [76.94710682556936, 8.494761183445164]]]}}, {"type": "Feature", "properties": {"building_local_id": "MSB-0772", "source": "microsoft-global-ml-building-footprints"}, "geometry": {"type": "Polygon", "coordinates": [[[76.94731410228312, 8.493170710764801], [76.94730299586294, 8.493069453803358], [76.94746572664599, 8.493051993930152], [76.94748153393506, 8.493196201634277], [76.94749478908773, 8.493194779449752], [76.94751921853447, 8.493417645795816], [76.9471772355957, 8.493454338133958], [76.94717292451685, 8.493415008791928], [76.94710399772302, 8.493422404147225], [76.94707916964218, 8.493195901121254], [76.94731410228312, 8.493170710764801]]]}}, {"type": "Feature", "properties": {"building_local_id": "MSB-0773", "source": "microsoft-global-ml-building-footprints"}, "geometry": {"type": "Polygon", "coordinates": [[[76.94442700838817, 8.494983552299075], [76.9444743313247, 8.494966446393917], [76.9445106522084, 8.495064734254754], [76.94440417560122, 8.495103222530489], [76.94437131384927, 8.495014295428291], [76.94443046751995, 8.49499291304842], [76.94442700838817, 8.494983552299075]]]}}, {"type": "Feature", "properties": {"building_local_id": "MSB-0774", "source": "microsoft-global-ml-building-footprints"}, "geometry": {"type": "Polygon", "coordinates": [[[76.9475826335727, 8.493514120291152], [76.94759494992475, 8.493594511061971], [76.94739829935644, 8.49362398187786], [76.94738598300438, 8.493543591113223], [76.9475826335727, 8.493514120291152]]]}}, {"type": "Feature", "properties": {"building_local_id": "MSB-0775", "source": "microsoft-global-ml-building-footprints"}, "geometry": {"type": "Polygon", "coordinates": [[[76.94768739836456, 8.496940395498399], [76.94757237317036, 8.496946295422973], [76.94756561821168, 8.496817649205354], [76.94775286784908, 8.496808031746966], [76.9477543959361, 8.496837133723545], [76.94768217107597, 8.496840843314374], [76.94768739836456, 8.496940395498399]]]}}, {"type": "Feature", "properties": {"building_local_id": "MSB-0776", "source": "microsoft-global-ml-building-footprints"}, "geometry": {"type": "Polygon", "coordinates": [[[76.94785854072258, 8.497498183345925], [76.94786741232511, 8.497560616584536], [76.94780691636099, 8.497569025203731], [76.9477980447585, 8.497506591966484], [76.94785854072258, 8.497498183345925]]]}}, {"type": "Feature", "properties": {"building_local_id": "MSB-0777", "source": "microsoft-global-ml-building-footprints"}, "geometry": {"type": "Polygon", "coordinates": [[[76.94640238030017, 8.494636676285609], [76.94648796275598, 8.494632114725917], [76.94649697325244, 8.49479769289077], [76.94641139047518, 8.494802248541475], [76.94640238030017, 8.494636676285609]]]}}, {"type": "Feature", "properties": {"building_local_id": "MSB-0778", "source": "microsoft-global-ml-building-footprints"}, "geometry": {"type": "Polygon", "coordinates": [[[76.9480174796589, 8.493086745713583], [76.94792465252225, 8.493085351355461], [76.94792438105289, 8.493102948690307], [76.94785631407842, 8.493101921543385], [76.94785796894315, 8.492994154656259], [76.94801886437158, 8.49299657147003], [76.9480174796589, 8.493086745713583]]]}}, {"type": "Feature", "properties": {"building_local_id": "MSB-0779", "source": "microsoft-global-ml-building-footprints"}, "geometry": {"type": "Polygon", "coordinates": [[[76.94514506505413, 8.497825127454405], [76.9452076332679, 8.497855643668842], [76.94516507470567, 8.497940997179384], [76.9451025064919, 8.497910480971768], [76.94514506505413, 8.497825127454405]]]}}, {"type": "Feature", "properties": {"building_local_id": "MSB-0780", "source": "microsoft-global-ml-building-footprints"}, "geometry": {"type": "Polygon", "coordinates": [[[76.94518900907372, 8.49314690150851], [76.94528820274755, 8.493144745486433], [76.94529112450523, 8.493275819327422], [76.9451919309844, 8.493277982211737], [76.94518900907372, 8.49314690150851]]]}}, {"type": "Feature", "properties": {"building_local_id": "MSB-0781", "source": "microsoft-global-ml-building-footprints"}, "geometry": {"type": "Polygon", "coordinates": [[[76.94548164616116, 8.494557229705308], [76.94556735667888, 8.494560403843849], [76.94555762835066, 8.494817363620712], [76.94547191783293, 8.494814189484302], [76.94548164616116, 8.494557229705308]]]}}, {"type": "Feature", "properties": {"building_local_id": "MSB-0782", "source": "microsoft-global-ml-building-footprints"}, "geometry": {"type": "Polygon", "coordinates": [[[76.94631625576858, 8.494825199535654], [76.94626888118992, 8.494831676181235], [76.94625418036705, 8.494726490855328], [76.94630155539542, 8.494720017425792], [76.94631625576858, 8.494825199535654]]]}}, {"type": "Feature", "properties": {"building_local_id": "MSB-0783", "source": "microsoft-global-ml-building-footprints"}, "geometry": {"type": "Polygon", "coordinates": [[[76.94452419904604, 8.495031546449098], [76.94462107658688, 8.495009678333574], [76.9446431872854, 8.495105492993105], [76.94454630974457, 8.495127361103172], [76.94452419904604, 8.495031546449098]]]}}, {"type": "Feature", "properties": {"building_local_id": "MSB-0784", "source": "microsoft-global-ml-building-footprints"}, "geometry": {"type": "Polygon", "coordinates": [[[76.94771695276017, 8.496200330864227], [76.94772015452655, 8.49634351057459], [76.94761828041449, 8.496345738942424], [76.94761507864811, 8.496202559232856], [76.94771695276017, 8.496200330864227]]]}}, {"type": "Feature", "properties": {"building_local_id": "MSB-0785", "source": "microsoft-global-ml-building-footprints"}, "geometry": {"type": "Polygon", "coordinates": [[[76.94853976108422, 8.495474086736053], [76.94854597954851, 8.495569189019506], [76.94838838828912, 8.495579268564455], [76.94837416180629, 8.495361695363044], [76.94845162156768, 8.495356735668182], [76.94845386711411, 8.495391078017846], [76.94857777708144, 8.49538314414903], [76.94858354667265, 8.495471286206865], [76.94853976108422, 8.495474086736053]]]}}, {"type": "Feature", "properties": {"building_local_id": "MSB-0786", "source": "microsoft-global-ml-building-footprints"}, "geometry": {"type": "Polygon", "coordinates": [[[76.94377430347593, 8.49317688626806], [76.94376909795615, 8.493301354630788], [76.94370483488936, 8.493298725644408], [76.94371004040914, 8.493174257280842], [76.94377430347593, 8.49317688626806]]]}}, {"type": "Feature", "properties": {"building_local_id": "MSB-0787", "source": "microsoft-global-ml-building-footprints"}, "geometry": {"type": "Polygon", "coordinates": [[[76.94636006836095, 8.496807965425731], [76.94625817841762, 8.496806124622964], [76.94626023556819, 8.496694745459308], [76.94636212551151, 8.496696586262615], [76.94636006836095, 8.496807965425731]]]}}, {"type": "Feature", "properties": {"building_local_id": "MSB-0788", "source": "microsoft-global-ml-building-footprints"}, "geometry": {"type": "Polygon", "coordinates": [[[76.94405491711366, 8.49337934842552], [76.94395404923073, 8.493377169979453], [76.9439580886397, 8.493194214452984], [76.94405894358194, 8.493196392620632], [76.94405491711366, 8.49337934842552]]]}}, {"type": "Feature", "properties": {"building_local_id": "MSB-0789", "source": "microsoft-global-ml-building-footprints"}, "geometry": {"type": "Polygon", "coordinates": [[[76.94864612435492, 8.494200612014396], [76.94865771921931, 8.494300096024787], [76.94855713183482, 8.494311563699853], [76.94854553697043, 8.494212079692403], [76.94864612435492, 8.494200612014396]]]}}, {"type": "Feature", "properties": {"building_local_id": "MSB-0790", "source": "microsoft-global-ml-building-footprints"}, "geometry": {"type": "Polygon", "coordinates": [[[76.94307907368079, 8.496259205005387], [76.94298272601574, 8.496263673405451], [76.94298046702444, 8.496216028253698], [76.94307681468952, 8.496211559853094], [76.94307907368079, 8.496259205005387]]]}}, {"type": "Feature", "properties": {"building_local_id": "MSB-0791", "source": "microsoft-global-ml-building-footprints"}, "geometry": {"type": "Polygon", "coordinates": [[[76.94449197564965, 8.495866885604329], [76.94457166162759, 8.495940181217392], [76.94454758612429, 8.495965786390883], [76.94458785832917, 8.496002828984857], [76.94453168215477, 8.49606257437722], [76.94450579288022, 8.49603876128522], [76.94444365697451, 8.496104845060543], [76.94441057508017, 8.496074418451812], [76.94448474989211, 8.495995530858167], [76.94442375897071, 8.495939431073182], [76.94449197564965, 8.495866885604329]]]}}, {"type": "Feature", "properties": {"building_local_id": "MSB-0792", "source": "microsoft-global-ml-building-footprints"}, "geometry": {"type": "Polygon", "coordinates": [[[76.94584537133781, 8.495119325315315], [76.94597395546549, 8.495114812654748], [76.94597965886628, 8.495273779324393], [76.94585107473866, 8.495278291983112], [76.94584537133781, 8.495119325315315]]]}}, {"type": "Feature", "properties": {"building_local_id": "MSB-0793", "source": "microsoft-global-ml-building-footprints"}, "geometry": {"type": "Polygon", "coordinates": [[[76.94653921654523, 8.49462259025725], [76.94665601801516, 8.494617545145346], [76.94666313855348, 8.494779057401743], [76.94652225456521, 8.494785142729185], [76.94651851321649, 8.494700415256432], [76.9465426071425, 8.494699374545817], [76.94653921654523, 8.49462259025725]]]}}, {"type": "Feature", "properties": {"building_local_id": "MSB-0794", "source": "microsoft-global-ml-building-footprints"}, "geometry": {"type": "Polygon", "coordinates": [[[76.9465604518668, 8.495398892931064], [76.94646338760595, 8.495422576954738], [76.9464428034211, 8.495340057855088], [76.94653986217766, 8.495316375169395], [76.9465604518668, 8.495398892931064]]]}}, {"type": "Feature", "properties": {"building_local_id": "MSB-0795", "source": "microsoft-global-ml-building-footprints"}, "geometry": {"type": "Polygon", "coordinates": [[[76.94785832207603, 8.497970914429132], [76.94787913584673, 8.498044758803374], [76.94782935977247, 8.49805848230605], [76.94780854600177, 8.497984637934422], [76.94785832207603, 8.497970914429132]]]}}, {"type": "Feature", "properties": {"building_local_id": "MSB-0796", "source": "microsoft-global-ml-building-footprints"}, "geometry": {"type": "Polygon", "coordinates": [[[76.94374425280382, 8.493525199050111], [76.94356945473844, 8.49354471591812], [76.94355584443176, 8.493425477660764], [76.94373064113343, 8.493405948839296], [76.94374425280382, 8.493525199050111]]]}}, {"type": "Feature", "properties": {"building_local_id": "MSB-0797", "source": "microsoft-global-ml-building-footprints"}, "geometry": {"type": "Polygon", "coordinates": [[[76.94600910215844, 8.4939771519051], [76.9460105204289, 8.493889632342501], [76.94609364755476, 8.493890950043834], [76.9460922292843, 8.49397846960612], [76.94600910215844, 8.4939771519051]]]}}, {"type": "Feature", "properties": {"building_local_id": "MSB-0798", "source": "microsoft-global-ml-building-footprints"}, "geometry": {"type": "Polygon", "coordinates": [[[76.94604466796986, 8.496942779335171], [76.94618965770951, 8.496899412588846], [76.94621269650543, 8.49697475745728], [76.94606770676573, 8.497018124195108], [76.94604466796986, 8.496942779335171]]]}}, {"type": "Feature", "properties": {"building_local_id": "MSB-0799", "source": "microsoft-global-ml-building-footprints"}, "geometry": {"type": "Polygon", "coordinates": [[[76.94694699398428, 8.494360901703047], [76.94688872523741, 8.494367395515624], [76.94688186095303, 8.494307146424006], [76.9469401296999, 8.494300652610377], [76.94694699398428, 8.494360901703047]]]}}, {"type": "Feature", "properties": {"building_local_id": "MSB-0800", "source": "microsoft-global-ml-building-footprints"}, "geometry": {"type": "Polygon", "coordinates": [[[76.9472212392349, 8.495489771200056], [76.94722568208651, 8.495590384864855], [76.94708111853039, 8.495596629113933], [76.94707920260801, 8.49555324077356], [76.94711830224382, 8.495551554618118], [76.94711577923742, 8.49549432641912], [76.9472212392349, 8.495489771200056]]]}}, {"type": "Feature", "properties": {"building_local_id": "MSB-0801", "source": "microsoft-global-ml-building-footprints"}, "geometry": {"type": "Polygon", "coordinates": [[[76.94800699742342, 8.49559567810681], [76.94801528656812, 8.49566366169634], [76.94797827388471, 8.495668076105417], [76.94796998474003, 8.495600092516668], [76.94800699742342, 8.49559567810681]]]}}, {"type": "Feature", "properties": {"building_local_id": "MSB-0802", "source": "microsoft-global-ml-building-footprints"}, "geometry": {"type": "Polygon", "coordinates": [[[76.94810985856027, 8.4962978054632], [76.94782359251408, 8.496328717699825], [76.94782446071552, 8.496336582265627], [76.94776769597925, 8.496342711965127], [76.94775554885909, 8.496232607199659], [76.94809857194171, 8.496195566084964], [76.94810985856027, 8.4962978054632]]]}}, {"type": "Feature", "properties": {"building_local_id": "MSB-0803", "source": "microsoft-global-ml-building-footprints"}, "geometry": {"type": "Polygon", "coordinates": [[[76.94402081114089, 8.49757021565516], [76.94406962743113, 8.49748281792165], [76.94414771991778, 8.4975254843214], [76.94404781681219, 8.497704344758048], [76.94398821991449, 8.497671783573878], [76.94403930672983, 8.497580320853231], [76.94402081114089, 8.49757021565516]]]}}, {"type": "Feature", "properties": {"building_local_id": "MSB-0804", "source": "microsoft-global-ml-building-footprints"}, "geometry": {"type": "Polygon", "coordinates": [[[76.94410560278472, 8.493493644603973], [76.94407610639702, 8.493494122379445], [76.94407456934486, 8.493401299535762], [76.94410406573255, 8.493400821760162], [76.94410560278472, 8.493493644603973]]]}}, {"type": "Feature", "properties": {"building_local_id": "MSB-0805", "source": "microsoft-global-ml-building-footprints"}, "geometry": {"type": "Polygon", "coordinates": [[[76.94450772302538, 8.497196703036053], [76.94455709779146, 8.497159661481064], [76.94458292721741, 8.497193339264868], [76.9445335524513, 8.497230380816617], [76.94450772302538, 8.497196703036053]]]}}, {"type": "Feature", "properties": {"building_local_id": "MSB-0806", "source": "microsoft-global-ml-building-footprints"}, "geometry": {"type": "Polygon", "coordinates": [[[76.9448125725813, 8.497097208306869], [76.94476397589067, 8.49712587537725], [76.94473618215059, 8.497079793253747], [76.94478477975022, 8.497051122279757], [76.9448125725813, 8.497097208306869]]]}}, {"type": "Feature", "properties": {"building_local_id": "MSB-0807", "source": "microsoft-global-ml-building-footprints"}, "geometry": {"type": "Polygon", "coordinates": [[[76.94530638133695, 8.49864437127124], [76.94532047020154, 8.498715935346425], [76.9452338434026, 8.498732617136554], [76.94521974965876, 8.498661054004089], [76.94530638133695, 8.49864437127124]]]}}, {"type": "Feature", "properties": {"building_local_id": "MSB-0808", "source": "microsoft-global-ml-building-footprints"}, "geometry": {"type": "Polygon", "coordinates": [[[76.94308777572328, 8.4957508547474], [76.94321212663478, 8.495883726519878], [76.9431465351803, 8.495943771870586], [76.94302218933308, 8.495810895482848], [76.94308777572328, 8.4957508547474]]]}}, {"type": "Feature", "properties": {"building_local_id": "MSB-0809", "source": "microsoft-global-ml-building-footprints"}, "geometry": {"type": "Polygon", "coordinates": [[[76.94466154747016, 8.498896222471458], [76.94468066093557, 8.499028816595938], [76.94459782077385, 8.499040502922739], [76.9445786981124, 8.49890791009959], [76.94466154747016, 8.498896222471458]]]}}, {"type": "Feature", "properties": {"building_local_id": "MSB-0810", "source": "microsoft-global-ml-building-footprints"}, "geometry": {"type": "Polygon", "coordinates": [[[76.94522547591527, 8.495710342267287], [76.94531897040106, 8.49569359981345], [76.94534060088894, 8.49581175407657], [76.94524710640319, 8.495828496525235], [76.94522547591527, 8.495710342267287]]]}}, {"type": "Feature", "properties": {"building_local_id": "MSB-0811", "source": "microsoft-global-ml-building-footprints"}, "geometry": {"type": "Polygon", "coordinates": [[[76.9453801359158, 8.49325155954135], [76.94530508493776, 8.49325349212701], [76.94530201434301, 8.493136848245186], [76.94537706532105, 8.493134915658942], [76.9453801359158, 8.49325155954135]]]}}, {"type": "Feature", "properties": {"building_local_id": "MSB-0812", "source": "microsoft-global-ml-building-footprints"}, "geometry": {"type": "Polygon", "coordinates": [[[76.94610491507429, 8.497418510844795], [76.9463244529131, 8.497280328870346], [76.94643865529119, 8.497457807323698], [76.94626493404479, 8.497567151274325], [76.94624549534214, 8.497536942190322], [76.94619967874971, 8.497565780152414], [76.94610491507429, 8.497418510844795]]]}}, {"type": "Feature", "properties": {"building_local_id": "MSB-0813", "source": "microsoft-global-ml-building-footprints"}, "geometry": {"type": "Polygon", "coordinates": [[[76.94682488027502, 8.497643194675916], [76.94682066708127, 8.497781012368677], [76.94673223502527, 8.497778367964685], [76.94673644821901, 8.497640550270987], [76.94682488027502, 8.497643194675916]]]}}, {"type": "Feature", "properties": {"building_local_id": "MSB-0814", "source": "microsoft-global-ml-building-footprints"}, "geometry": {"type": "Polygon", "coordinates": [[[76.94528521841745, 8.49643906798103], [76.94535207317806, 8.496350460081388], [76.94538825421859, 8.496377160306949], [76.94532139945797, 8.496465768200395], [76.94528521841745, 8.49643906798103]]]}}, {"type": "Feature", "properties": {"building_local_id": "MSB-0815", "source": "microsoft-global-ml-building-footprints"}, "geometry": {"type": "Polygon", "coordinates": [[[76.94646096752768, 8.494210470550016], [76.94648353709502, 8.49430211901442], [76.94641517184772, 8.494318582738401], [76.94639260338053, 8.494226938745257], [76.94646096752768, 8.494210470550016]]]}}, {"type": "Feature", "properties": {"building_local_id": "MSB-0816", "source": "microsoft-global-ml-building-footprints"}, "geometry": {"type": "Polygon", "coordinates": [[[76.94656506104644, 8.4967905029864], [76.9467040051747, 8.496756359802134], [76.94672496714784, 8.496839801308042], [76.94658602529522, 8.496873953543314], [76.94656506104644, 8.4967905029864]]]}}, {"type": "Feature", "properties": {"building_local_id": "MSB-0817", "source": "microsoft-global-ml-building-footprints"}, "geometry": {"type": "Polygon", "coordinates": [[[76.94689564913267, 8.494755983275354], [76.94687065767761, 8.494644751591025], [76.94707930746114, 8.494598909674338], [76.94710429141504, 8.49471014302003], [76.94689564913267, 8.494755983275354]]]}}, {"type": "Feature", "properties": {"building_local_id": "MSB-0818", "source": "microsoft-global-ml-building-footprints"}, "geometry": {"type": "Polygon", "coordinates": [[[76.94755348650648, 8.497543901191165], [76.94755829756076, 8.49764979794574], [76.9474646093977, 8.497653961404126], [76.94745979834337, 8.497548064650687], [76.94755348650648, 8.497543901191165]]]}}, {"type": "Feature", "properties": {"building_local_id": "MSB-0819", "source": "microsoft-global-ml-building-footprints"}, "geometry": {"type": "Polygon", "coordinates": [[[76.94426464301806, 8.49453836373658], [76.94435650549931, 8.49450323764232], [76.94442687272884, 8.49468324804549], [76.94433499916532, 8.494718378360886], [76.94426464301806, 8.49453836373658]]]}}, {"type": "Feature", "properties": {"building_local_id": "MSB-0820", "source": "microsoft-global-ml-building-footprints"}, "geometry": {"type": "Polygon", "coordinates": [[[76.94444337800371, 8.496252342969896], [76.94439616444728, 8.496338431225425], [76.94432984557358, 8.496302853774537], [76.94437705912996, 8.496216765511022], [76.94444337800371, 8.496252342969896]]]}}, {"type": "Feature", "properties": {"building_local_id": "MSB-0821", "source": "microsoft-global-ml-building-footprints"}, "geometry": {"type": "Polygon", "coordinates": [[[76.94515749849342, 8.49767150082846], [76.9452088769051, 8.49763993033531], [76.9452293165083, 8.497672467791332], [76.94517793975781, 8.49770403726103], [76.94515749849342, 8.49767150082846]]]}}, {"type": "Feature", "properties": {"building_local_id": "MSB-0822", "source": "microsoft-global-ml-building-footprints"}, "geometry": {"type": "Polygon", "coordinates": [[[76.94571088325135, 8.496907773270252], [76.9456017582639, 8.496976119109092], [76.94554598984486, 8.496889019959568], [76.9456551148323, 8.496820674105223], [76.94571088325135, 8.496907773270252]]]}}, {"type": "Feature", "properties": {"building_local_id": "MSB-0823", "source": "microsoft-global-ml-building-footprints"}, "geometry": {"type": "Polygon", "coordinates": [[[76.94585968915983, 8.496353509531858], [76.94587090025716, 8.496278211910223], [76.94593390700625, 8.49628738823624], [76.94592269590892, 8.496362685856042], [76.94585968915983, 8.496353509531858]]]}}, {"type": "Feature", "properties": {"building_local_id": "MSB-0824", "source": "microsoft-global-ml-building-footprints"}, "geometry": {"type": "Polygon", "coordinates": [[[76.9481826480083, 8.498337037031902], [76.94819161277663, 8.498380317595462], [76.94816072261963, 8.498386576185212], [76.9481517578513, 8.498343295622362], [76.9481826480083, 8.498337037031902]]]}}, {"type": "Feature", "properties": {"building_local_id": "MSB-0825", "source": "microsoft-global-ml-building-footprints"}, "geometry": {"type": "Polygon", "coordinates": [[[76.94358832368496, 8.497232161799857], [76.94352533923191, 8.497296920483649], [76.94357688529769, 8.497345959699842], [76.94363584946652, 8.49728533455712], [76.9437305827766, 8.497375460682036], [76.94346990914052, 8.497643477152366], [76.94340304090692, 8.497579856353767], [76.94347207865607, 8.497508873908302], [76.94331744045871, 8.497361756303448], [76.94332613089425, 8.497352821066244], [76.9432606557489, 8.497290525653838], [76.94337257155097, 8.497175457247536], [76.94334688623141, 8.497151021076945], [76.94340113931555, 8.497095243756732], [76.94342821477511, 8.497121004338823], [76.94344900999366, 8.497099623324019], [76.94358832368496, 8.497232161799857]]]}}, {"type": "Feature", "properties": {"building_local_id": "MSB-0826", "source": "microsoft-global-ml-building-footprints"}, "geometry": {"type": "Polygon", "coordinates": [[[76.9456599726951, 8.496242948554737], [76.94549478606532, 8.496242331100575], [76.9454952769826, 8.496113863508583], [76.94557464324211, 8.496114165667095], [76.94557483941144, 8.496063763701855], [76.94568480835156, 8.496064182369096], [76.94568439536354, 8.496170291761814], [76.94566025584012, 8.496170199859264], [76.9456599726951, 8.496242948554737]]]}}, {"type": "Feature", "properties": {"building_local_id": "MSB-0827", "source": "microsoft-global-ml-building-footprints"}, "geometry": {"type": "Polygon", "coordinates": [[[76.9459026174641, 8.493256269490672], [76.94589855551736, 8.493132827284938], [76.94595379773668, 8.493131045330387], [76.94595004010831, 8.493017096348368], [76.94601702408124, 8.493014935638087], [76.9460207817096, 8.493128884620702], [76.94602716503863, 8.493128678712935], [76.94603070408048, 8.49323622988976], [76.9459868172293, 8.493237642514643], [76.94598734155072, 8.49325354240176], [76.9459026174641, 8.493256269490672]]]}}, {"type": "Feature", "properties": {"building_local_id": "MSB-0828", "source": "microsoft-global-ml-building-footprints"}, "geometry": {"type": "Polygon", "coordinates": [[[76.94811441113987, 8.493466276294669], [76.94818515035068, 8.49346632526121], [76.94818512715139, 8.493499108855758], [76.94822972519925, 8.493499136639926], [76.94822957036651, 8.493742246325581], [76.9481142354297, 8.493742166489412], [76.94811441113987, 8.493466276294669]]]}}, {"type": "Feature", "properties": {"building_local_id": "MSB-0829", "source": "microsoft-global-ml-building-footprints"}, "geometry": {"type": "Polygon", "coordinates": [[[76.94578919831342, 8.497448643829102], [76.94584783179182, 8.497522464085321], [76.94576821619295, 8.497584319882918], [76.94570958271456, 8.497510499638636], [76.94578919831342, 8.497448643829102]]]}}, {"type": "Feature", "properties": {"building_local_id": "MSB-0830", "source": "microsoft-global-ml-building-footprints"}, "geometry": {"type": "Polygon", "coordinates": [[[76.94543055716689, 8.4950621428424], [76.94531157067235, 8.49505961428126], [76.94531353561419, 8.494969461458368], [76.945432515732, 8.494971989884561], [76.94543055716689, 8.4950621428424]]]}}, {"type": "Feature", "properties": {"building_local_id": "MSB-0831", "source": "microsoft-global-ml-building-footprints"}, "geometry": {"type": "Polygon", "coordinates": [[[76.94549102738588, 8.496415474808146], [76.94541453323674, 8.496529946189241], [76.94532866039947, 8.496473815344288], [76.94539651811243, 8.496372268138202], [76.94535093885106, 8.496342475208337], [76.94540029355235, 8.496268625049751], [76.94542533436748, 8.496284993007066], [76.94545494500588, 8.496240681480472], [76.94552028303423, 8.496283389758787], [76.94544995776805, 8.496388629614415], [76.94549102738588, 8.496415474808146]]]}}, {"type": "Feature", "properties": {"building_local_id": "MSB-0832", "source": "microsoft-global-ml-building-footprints"}, "geometry": {"type": "Polygon", "coordinates": [[[76.94829126435278, 8.496977078756302], [76.94823709730454, 8.496982890441814], [76.94824140838335, 8.497022219418028], [76.9482042939559, 8.49702620149499], [76.94819901783072, 8.496978068624117], [76.94808237161247, 8.496990575743993], [76.94808553309403, 8.497019417209344], [76.94797153792616, 8.497031640075178], [76.9479514194074, 8.496848103446439], [76.9482733315186, 8.496813587153994], [76.94829126435278, 8.496977078756302]]]}}, {"type": "Feature", "properties": {"building_local_id": "MSB-0833", "source": "microsoft-global-ml-building-footprints"}, "geometry": {"type": "Polygon", "coordinates": [[[76.9433707464409, 8.496514209338827], [76.94328495784767, 8.496516091793708], [76.94328315027174, 8.496435258894678], [76.94336893899771, 8.496433382374832], [76.9433707464409, 8.496514209338827]]]}}, {"type": "Feature", "properties": {"building_local_id": "MSB-0834", "source": "microsoft-global-ml-building-footprints"}, "geometry": {"type": "Polygon", "coordinates": [[[76.94355386262072, 8.494153277692703], [76.94361587293908, 8.4941814574412], [76.94356194111764, 8.494297546577556], [76.94349993079923, 8.4942693668376], [76.94355386262072, 8.494153277692703]]]}}, {"type": "Feature", "properties": {"building_local_id": "MSB-0835", "source": "microsoft-global-ml-building-footprints"}, "geometry": {"type": "Polygon", "coordinates": [[[76.94420268664022, 8.492923826036346], [76.94420026097384, 8.493000682231767], [76.94412255262961, 8.49299828316542], [76.94412037789421, 8.493067188707315], [76.94408286352112, 8.493066030537562], [76.94408152522242, 8.493108433941927], [76.94404401084932, 8.493107275772289], [76.94404317441264, 8.493133777897725], [76.94400566003955, 8.493132619728172], [76.94400950764835, 8.493010709935689], [76.94404434242333, 8.493011785379167], [76.94404726995175, 8.492919027902673], [76.94420268664022, 8.492923826036346]]]}}, {"type": "Feature", "properties": {"building_local_id": "MSB-0836", "source": "microsoft-global-ml-building-footprints"}, "geometry": {"type": "Polygon", "coordinates": [[[76.94436137795948, 8.496008563115353], [76.94442302205594, 8.495945233018546], [76.94447813672245, 8.495997713248528], [76.94441649030024, 8.496061041122076], [76.94436137795948, 8.496008563115353]]]}}, {"type": "Feature", "properties": {"building_local_id": "MSB-0837", "source": "microsoft-global-ml-building-footprints"}, "geometry": {"type": "Polygon", "coordinates": [[[76.94700963570621, 8.497317203022362], [76.94707913492579, 8.497313181216853], [76.94708170093716, 8.49735650344995], [76.94710308522501, 8.497355264496306], [76.94710731310438, 8.497426644206783], [76.94704850631271, 8.497430051328692], [76.94705079441741, 8.497468681623417], [76.94701871785452, 8.497470537840599], [76.94700963570621, 8.497317203022362]]]}}, {"type": "Feature", "properties": {"building_local_id": "MSB-0838", "source": "microsoft-global-ml-building-footprints"}, "geometry": {"type": "Polygon", "coordinates": [[[76.94701183236359, 8.495897716014312], [76.94705176881398, 8.495894310233965], [76.94704649296142, 8.49583374631355], [76.94710613712019, 8.495828659859072], [76.94711325378584, 8.495910289000804], [76.94705892875318, 8.495914921839187], [76.94706099321722, 8.495938620760668], [76.94701573190676, 8.495942480644587], [76.94701183236359, 8.495897716014312]]]}}, {"type": "Feature", "properties": {"building_local_id": "MSB-0839", "source": "microsoft-global-ml-building-footprints"}, "geometry": {"type": "Polygon", "coordinates": [[[76.94828883139078, 8.494241961736705], [76.94800843069733, 8.494292407380698], [76.94796734322563, 8.494069006733028], [76.94808585103986, 8.494047686506633], [76.94809906966893, 8.494119586469907], [76.9481302256855, 8.494113981327061], [76.9481140045356, 8.494025749777762], [76.94813737183586, 8.494021547485374], [76.9481290438153, 8.493976248952535], [76.94818356684426, 8.493966439948878], [76.9482024506001, 8.494069154199721], [76.94827774430674, 8.494055608436], [76.94829190712362, 8.494132644108802], [76.94833344847902, 8.494125170585264], [76.94834289035694, 8.494176527692872], [76.94827891372518, 8.494188037447245], [76.94828883139078, 8.494241961736705]]]}}, {"type": "Feature", "properties": {"building_local_id": "MSB-0840", "source": "microsoft-global-ml-building-footprints"}, "geometry": {"type": "Polygon", "coordinates": [[[76.94460560592445, 8.4954718988011], [76.94442809618766, 8.49563740971098], [76.94436310910547, 8.49556923251727], [76.94454061264142, 8.495403715072712], [76.94460560592445, 8.4954718988011]]]}}, {"type": "Feature", "properties": {"building_local_id": "MSB-0841", "source": "microsoft-global-ml-building-footprints"}, "geometry": {"type": "Polygon", "coordinates": [[[76.94767111923497, 8.498592868269668], [76.9476655061859, 8.498496020129735], [76.94776174948603, 8.498490563959251], [76.94776374164418, 8.498524936869615], [76.94784394439426, 8.498520390061245], [76.94784869492531, 8.498602356220658], [76.94789287256766, 8.498599851727576], [76.94789669897865, 8.498665953721002], [76.94773896627275, 8.498674895809785], [76.9477366704262, 8.498635234616017], [76.94761763937942, 8.498641982653922], [76.9476149770854, 8.498596047161485], [76.94767111923497, 8.498592868269668]]]}}, {"type": "Feature", "properties": {"building_local_id": "MSB-0842", "source": "microsoft-global-ml-building-footprints"}, "geometry": {"type": "Polygon", "coordinates": [[[76.944502897855, 8.495095526936097], [76.944520712588, 8.495130231133174], [76.94447510982836, 8.495153129578341], [76.94445729575973, 8.495118421893082], [76.944502897855, 8.495095526936097]]]}}, {"type": "Feature", "properties": {"building_local_id": "MSB-0843", "source": "microsoft-global-ml-building-footprints"}, "geometry": {"type": "Polygon", "coordinates": [[[76.94508518816816, 8.49528225297766], [76.94507584154245, 8.49538487871456], [76.94511841149065, 8.495388671154473], [76.94511540097906, 8.4954217264971], [76.94502227979964, 8.49541342414139], [76.94503463635463, 8.495277749454033], [76.94508518816816, 8.49528225297766]]]}}, {"type": "Feature", "properties": {"building_local_id": "MSB-0844", "source": "microsoft-global-ml-building-footprints"}, "geometry": {"type": "Polygon", "coordinates": [[[76.9485693759786, 8.494410425207718], [76.94857312650731, 8.494482829181152], [76.9485366548533, 8.494484677192375], [76.948532899345, 8.494412275996552], [76.9485693759786, 8.494410425207718]]]}}, {"type": "Feature", "properties": {"building_local_id": "MSB-0845", "source": "microsoft-global-ml-building-footprints"}, "geometry": {"type": "Polygon", "coordinates": [[[76.94376485653953, 8.495587846536509], [76.94382741800251, 8.495715657686858], [76.94374354506724, 8.49575582187984], [76.94368097397464, 8.495628009547787], [76.94376485653953, 8.495587846536509]]]}}, {"type": "Feature", "properties": {"building_local_id": "MSB-0846", "source": "microsoft-global-ml-building-footprints"}, "geometry": {"type": "Polygon", "coordinates": [[[76.94402248351105, 8.493393407562195], [76.9440716651403, 8.493395654474583], [76.94406751286498, 8.493484424594556], [76.94401833766283, 8.493482174572335], [76.94402248351105, 8.493393407562195]]]}}, {"type": "Feature", "properties": {"building_local_id": "MSB-0847", "source": "microsoft-global-ml-building-footprints"}, "geometry": {"type": "Polygon", "coordinates": [[[76.94409306719251, 8.495461344240553], [76.94402929942576, 8.49551502802602], [76.94395913341629, 8.495433500999397], [76.94402290118303, 8.495379817202505], [76.94409306719251, 8.495461344240553]]]}}, {"type": "Feature", "properties": {"building_local_id": "MSB-0848", "source": "microsoft-global-ml-building-footprints"}, "geometry": {"type": "Polygon", "coordinates": [[[76.94472429804698, 8.497942067467761], [76.94476296485482, 8.497984652288238], [76.94472355971338, 8.498019653358199], [76.94468489123749, 8.497977070023254], [76.94472429804698, 8.497942067467761]]]}}, {"type": "Feature", "properties": {"building_local_id": "MSB-0849", "source": "microsoft-global-ml-building-footprints"}, "geometry": {"type": "Polygon", "coordinates": [[[76.94709793430148, 8.494909949849912], [76.94707357533524, 8.49491430180531], [76.94706231860661, 8.494852646140714], [76.94708667334768, 8.494848294939501], [76.94709793430148, 8.494909949849912]]]}}, {"type": "Feature", "properties": {"building_local_id": "MSB-0850", "source": "microsoft-global-ml-building-footprints"}, "geometry": {"type": "Polygon", "coordinates": [[[76.94726796745148, 8.494311541049953], [76.94737338917659, 8.494287685836312], [76.94741947110927, 8.49448682835137], [76.94731403599283, 8.494510686582899], [76.94726796745148, 8.494311541049953]]]}}, {"type": "Feature", "properties": {"building_local_id": "MSB-0851", "source": "microsoft-global-ml-building-footprints"}, "geometry": {"type": "Polygon", "coordinates": [[[76.94740939311822, 8.497770272434579], [76.9471980487835, 8.497780937228654], [76.94719455230448, 8.49771316049275], [76.94730009496023, 8.497707827324476], [76.94729394426287, 8.49758876376589], [76.94739975359285, 8.49758341712058], [76.94740939311822, 8.497770272434579]]]}}, {"type": "Feature", "properties": {"building_local_id": "MSB-0852", "source": "microsoft-global-ml-building-footprints"}, "geometry": {"type": "Polygon", "coordinates": [[[76.94870379933468, 8.494478541602007], [76.94858860485144, 8.494474562635347], [76.94859113098374, 8.494403024676473], [76.94870632546699, 8.494407003643829], [76.94870379933468, 8.494478541602007]]]}}, {"type": "Feature", "properties": {"building_local_id": "MSB-0853", "source": "microsoft-global-ml-building-footprints"}, "geometry": {"type": "Polygon", "coordinates": [[[76.9433074983901, 8.496643876775664], [76.9434467539603, 8.496638411258601], [76.94344994213498, 8.496717869236178], [76.94331068656474, 8.496723334752119], [76.9433074983901, 8.496643876775664]]]}}, {"type": "Feature", "properties": {"building_local_id": "MSB-0854", "source": "microsoft-global-ml-building-footprints"}, "geometry": {"type": "Polygon", "coordinates": [[[76.94396534357898, 8.495038002526044], [76.94407145589848, 8.494992499049431], [76.94409638742712, 8.49504936048713], [76.94399027781846, 8.495094870139582], [76.94396534357898, 8.495038002526044]]]}}, {"type": "Feature", "properties": {"building_local_id": "MSB-0855", "source": "microsoft-global-ml-building-footprints"}, "geometry": {"type": "Polygon", "coordinates": [[[76.94586899491955, 8.49794863182106], [76.94590994396974, 8.497934986490364], [76.9458937124363, 8.497887340042283], [76.94594188778944, 8.497871286709426], [76.94595811932292, 8.497918933159482], [76.94599184207011, 8.497907695827465], [76.94601456621696, 8.497974400849586], [76.94589171906644, 8.498015336836062], [76.94586899491955, 8.49794863182106]]]}}, {"type": "Feature", "properties": {"building_local_id": "MSB-0856", "source": "microsoft-global-ml-building-footprints"}, "geometry": {"type": "Polygon", "coordinates": [[[76.94614392221895, 8.496641118196237], [76.94603475103942, 8.49667620487709], [76.94599690992062, 8.496561033697887], [76.94610608110015, 8.49652594700649], [76.94614392221895, 8.496641118196237]]]}}, {"type": "Feature", "properties": {"building_local_id": "MSB-0857", "source": "microsoft-global-ml-building-footprints"}, "geometry": {"type": "Polygon", "coordinates": [[[76.9468533915486, 8.49874824718394], [76.94687414093166, 8.498798172552029], [76.94681677765425, 8.498821492475528], [76.94679602827124, 8.49877156711048], [76.9468533915486, 8.49874824718394]]]}}, {"type": "Feature", "properties": {"building_local_id": "MSB-0858", "source": "microsoft-global-ml-building-footprints"}, "geometry": {"type": "Polygon", "coordinates": [[[76.9471921281837, 8.49536226547886], [76.9471916686443, 8.495266767573568], [76.94729895457483, 8.495266262576465], [76.94729941411424, 8.495361760481899], [76.9471921281837, 8.49536226547886]]]}}, {"type": "Feature", "properties": {"building_local_id": "MSB-0859", "source": "microsoft-global-ml-building-footprints"}, "geometry": {"type": "Polygon", "coordinates": [[[76.94838006615106, 8.494253706272033], [76.94839493339141, 8.49432494837913], [76.94833412480246, 8.494337365622044], [76.9483192527268, 8.494266124504662], [76.94838006615106, 8.494253706272033]]]}}, {"type": "Feature", "properties": {"building_local_id": "MSB-0860", "source": "microsoft-global-ml-building-footprints"}, "geometry": {"type": "Polygon", "coordinates": [[[76.94845151253331, 8.49833375639092], [76.94850633577542, 8.49833172612837], [76.9485088430765, 8.49839795224024], [76.94845401515441, 8.498399982675735], [76.94845151253331, 8.49833375639092]]]}}, {"type": "Feature", "properties": {"building_local_id": "MSB-0861", "source": "microsoft-global-ml-building-footprints"}, "geometry": {"type": "Polygon", "coordinates": [[[76.94899028517213, 8.494135509872478], [76.94901701671499, 8.494248710567916], [76.94891019094372, 8.494273386329112], [76.94888345940086, 8.494160185640965], [76.94899028517213, 8.494135509872478]]]}}, {"type": "Feature", "properties": {"building_local_id": "MSB-0862", "source": "microsoft-global-ml-building-footprints"}, "geometry": {"type": "Polygon", "coordinates": [[[76.94356374920807, 8.495673914215047], [76.943615951044, 8.495618999037504], [76.9436794508218, 8.495678048274982], [76.94362724692323, 8.495732961526016], [76.94356374920807, 8.495673914215047]]]}}, {"type": "Feature", "properties": {"building_local_id": "MSB-0863", "source": "microsoft-global-ml-building-footprints"}, "geometry": {"type": "Polygon", "coordinates": [[[76.94525626947645, 8.498500561642317], [76.94529250418876, 8.498591380511954], [76.94520431020364, 8.49862579334237], [76.94516807759885, 8.498534979763193], [76.94525626947645, 8.498500561642317]]]}}, {"type": "Feature", "properties": {"building_local_id": "MSB-0864", "source": "microsoft-global-ml-building-footprints"}, "geometry": {"type": "Polygon", "coordinates": [[[76.94528401807779, 8.493701524532923], [76.9453509730057, 8.493704087521238], [76.94534672309224, 8.493812689245445], [76.94527976816435, 8.49381012625787], [76.94528401807779, 8.493701524532923]]]}}, {"type": "Feature", "properties": {"building_local_id": "MSB-0865", "source": "microsoft-global-ml-building-footprints"}, "geometry": {"type": "Polygon", "coordinates": [[[76.94669270159638, 8.497110066341861], [76.94667689347176, 8.497022669140947], [76.94688221718867, 8.496986341669015], [76.94690267476174, 8.497099443935952], [76.94665836552895, 8.497142669016], [76.94665371608052, 8.497116963961162], [76.94669270159638, 8.497110066341861]]]}}, {"type": "Feature", "properties": {"building_local_id": "MSB-0866", "source": "microsoft-global-ml-building-footprints"}, "geometry": {"type": "Polygon", "coordinates": [[[76.94703787565231, 8.497542535450037], [76.94698959589005, 8.497542535450037], [76.94698959589005, 8.497508049513016], [76.94703787565231, 8.497508049513016], [76.94703787565231, 8.497542535450037]]]}}, {"type": "Feature", "properties": {"building_local_id": "MSB-0867", "source": "microsoft-global-ml-building-footprints"}, "geometry": {"type": "Polygon", "coordinates": [[[76.94873003590364, 8.495540078980923], [76.9487942472211, 8.495536892086989], [76.94879746947156, 8.495600398832465], [76.9487332581541, 8.495603585725846], [76.94873003590364, 8.495540078980923]]]}}, {"type": "Feature", "properties": {"building_local_id": "MSB-0868", "source": "microsoft-global-ml-building-footprints"}, "geometry": {"type": "Polygon", "coordinates": [[[76.94500400629758, 8.4971473711079], [76.94493342108846, 8.497241496900884], [76.94483900782761, 8.497172241936283], [76.94490958873945, 8.497078112974123], [76.94500400629758, 8.4971473711079]]]}}, {"type": "Feature", "properties": {"building_local_id": "MSB-0869", "source": "microsoft-global-ml-building-footprints"}, "geometry": {"type": "Polygon", "coordinates": [[[76.94505325767463, 8.498274823728707], [76.94511612566725, 8.498197471061928], [76.94518130183027, 8.498249285837005], [76.94511843383766, 8.498326638493339], [76.94505325767463, 8.498274823728707]]]}}, {"type": "Feature", "properties": {"building_local_id": "MSB-0870", "source": "microsoft-global-ml-building-footprints"}, "geometry": {"type": "Polygon", "coordinates": [[[76.94714000696037, 8.493472521030284], [76.94724439839219, 8.493467838516409], [76.94724804026747, 8.493547258923982], [76.9471436488356, 8.493551941436877], [76.94714000696037, 8.493472521030284]]]}}, {"type": "Feature", "properties": {"building_local_id": "MSB-0871", "source": "microsoft-global-ml-building-footprints"}, "geometry": {"type": "Polygon", "coordinates": [[[76.94785902861146, 8.498122955845105], [76.94786180298468, 8.49827145969104], [76.94776527641442, 8.49827322363413], [76.9477625020412, 8.498124719788876], [76.94785902861146, 8.498122955845105]]]}}, {"type": "Feature", "properties": {"building_local_id": "MSB-0872", "source": "microsoft-global-ml-building-footprints"}, "geometry": {"type": "Polygon", "coordinates": [[[76.94823050726282, 8.49743976867822], [76.94834038175824, 8.49743655152325], [76.94834697970204, 8.497657491161718], [76.94823831222175, 8.497660665451093], [76.94824034671998, 8.49772863184998], [76.94814801923972, 8.497731335221516], [76.9481459893563, 8.497663362297345], [76.94823710497971, 8.497660700715855], [76.94823050726282, 8.49743976867822]]]}}, {"type": "Feature", "properties": {"building_local_id": "MSB-0873", "source": "microsoft-global-ml-building-footprints"}, "geometry": {"type": "Polygon", "coordinates": [[[76.94333175098504, 8.496765417458306], [76.94333001199853, 8.496729647546829], [76.94342902449105, 8.4967249321966], [76.94343076381001, 8.496760708946411], [76.94333175098504, 8.496765417458306]]]}}, {"type": "Feature", "properties": {"building_local_id": "MSB-0874", "source": "microsoft-global-ml-building-footprints"}, "geometry": {"type": "Polygon", "coordinates": [[[76.94380795072311, 8.493335364011728], [76.94381333871094, 8.493208253314236], [76.94391776133324, 8.493212583045306], [76.94391237334543, 8.49333969374139], [76.94380795072311, 8.493335364011728]]]}}, {"type": "Feature", "properties": {"building_local_id": "MSB-0875", "source": "microsoft-global-ml-building-footprints"}, "geometry": {"type": "Polygon", "coordinates": [[[76.94392528625801, 8.493200849795954], [76.94388517481839, 8.493203034952174], [76.94388326001744, 8.493168652937896], [76.94392337145709, 8.49316646778145], [76.94392528625801, 8.493200849795954]]]}}, {"type": "Feature", "properties": {"building_local_id": "MSB-0876", "source": "microsoft-global-ml-building-footprints"}, "geometry": {"type": "Polygon", "coordinates": [[[76.94445523202023, 8.493455193689158], [76.94442920453476, 8.493546053905902], [76.94428519560569, 8.493505701533607], [76.94431122309118, 8.493414841307313], [76.94445523202023, 8.493455193689158]]]}}, {"type": "Feature", "properties": {"building_local_id": "MSB-0877", "source": "microsoft-global-ml-building-footprints"}, "geometry": {"type": "Polygon", "coordinates": [[[76.94639551519869, 8.496004223604814], [76.94634309687189, 8.496006850592636], [76.94634078909995, 8.495961869072786], [76.94639321060173, 8.495959241925533], [76.94639551519869, 8.496004223604814]]]}}, {"type": "Feature", "properties": {"building_local_id": "MSB-0878", "source": "microsoft-global-ml-building-footprints"}, "geometry": {"type": "Polygon", "coordinates": [[[76.94706399120267, 8.49794004762596], [76.94716040681996, 8.49793636361754], [76.94716361437574, 8.498018476656895], [76.94706719875846, 8.498022160664547], [76.94706399120267, 8.49794004762596]]]}}, {"type": "Feature", "properties": {"building_local_id": "MSB-0879", "source": "microsoft-global-ml-building-footprints"}, "geometry": {"type": "Polygon", "coordinates": [[[76.94749502986068, 8.493815159299672], [76.94763685058213, 8.493794700684361], [76.94765768854093, 8.493935931920959], [76.94768657765826, 8.493931762468591], [76.94769946586293, 8.494019113469605], [76.94752875573525, 8.49404373956611], [76.94749502986068, 8.493815159299672]]]}}, {"type": "Feature", "properties": {"building_local_id": "MSB-0880", "source": "microsoft-global-ml-building-footprints"}, "geometry": {"type": "Polygon", "coordinates": [[[76.94870890138846, 8.494187115921989], [76.94873154391003, 8.494279860157278], [76.94867670360362, 8.494292960513917], [76.94865405488072, 8.494200217763165], [76.94870890138846, 8.494187115921989]]]}}, {"type": "Feature", "properties": {"building_local_id": "MSB-0881", "source": "microsoft-global-ml-building-footprints"}, "geometry": {"type": "Polygon", "coordinates": [[[76.94468906991592, 8.494871525305214], [76.94470059334601, 8.494961741607142], [76.94460026960458, 8.494974269492431], [76.94458874704759, 8.494884060028866], [76.94468906991592, 8.494871525305214]]]}}, {"type": "Feature", "properties": {"building_local_id": "MSB-0882", "source": "microsoft-global-ml-building-footprints"}, "geometry": {"type": "Polygon", "coordinates": [[[76.94517893639586, 8.4988673628187], [76.94517662828336, 8.498997307694864], [76.94504524058868, 8.498995024929002], [76.94504754870118, 8.498865080052084], [76.94517893639586, 8.4988673628187]]]}}, {"type": "Feature", "properties": {"building_local_id": "MSB-0883", "source": "microsoft-global-ml-building-footprints"}, "geometry": {"type": "Polygon", "coordinates": [[[76.94573275895225, 8.498970208455873], [76.94578636871987, 8.498971551794426], [76.94578514629112, 8.499019270739012], [76.94573153652348, 8.499017927400644], [76.94573275895225, 8.498970208455873]]]}}, {"type": "Feature", "properties": {"building_local_id": "MSB-0884", "source": "microsoft-global-ml-building-footprints"}, "geometry": {"type": "Polygon", "coordinates": [[[76.9462592029667, 8.49643916862388], [76.94615694742751, 8.496468528987052], [76.94612491918501, 8.496359443133699], [76.94626378482675, 8.496319561384155], [76.94626310422606, 8.49627681604386], [76.94626094369355, 8.496276849693402], [76.94639770832104, 8.496237580806635], [76.94640293426365, 8.496237499414349], [76.94642742087535, 8.496320899053671], [76.9464278991897, 8.496350939731997], [76.94637236245181, 8.496366885852964], [76.9464270229126, 8.496366038318754], [76.94642937715129, 8.496514557041138], [76.94639584911857, 8.496515076907656], [76.94636655734601, 8.496523489403188], [76.94632615397911, 8.49652411587472], [76.94635604035321, 8.496625906638258], [76.94635647983195, 8.496653631431741], [76.9463235303896, 8.496654142326776], [76.9462707125955, 8.496669307752398], [76.94620967375977, 8.496670258410504], [76.9461763936672, 8.496556881579906], [76.94626068515352, 8.496532673358885], [76.9462592029667, 8.49643916862388]]]}}, {"type": "Feature", "properties": {"building_local_id": "MSB-0885", "source": "microsoft-global-ml-building-footprints"}, "geometry": {"type": "Polygon", "coordinates": [[[76.94694322595763, 8.497159375233736], [76.94704354655362, 8.497152875418834], [76.94704868822599, 8.497230501280015], [76.94702048308221, 8.497232330655521], [76.94702566939607, 8.497310546905965], [76.9469535595425, 8.497315218932727], [76.94694322595763, 8.497159375233736]]]}}, {"type": "Feature", "properties": {"building_local_id": "MSB-0886", "source": "microsoft-global-ml-building-footprints"}, "geometry": {"type": "Polygon", "coordinates": [[[76.94340293414852, 8.49607826723502], [76.94349140253166, 8.496076301480073], [76.94349530523954, 8.496248645060277], [76.9434068368564, 8.496250610814371], [76.94340293414852, 8.49607826723502]]]}}, {"type": "Feature", "properties": {"building_local_id": "MSB-0887", "source": "microsoft-global-ml-building-footprints"}, "geometry": {"type": "Polygon", "coordinates": [[[76.94441618638352, 8.496358105820846], [76.9444999695285, 8.496282851146816], [76.94457812533432, 8.496367964807447], [76.94449433927083, 8.496443216286423], [76.94441618638352, 8.496358105820846]]]}}, {"type": "Feature", "properties": {"building_local_id": "MSB-0888", "source": "microsoft-global-ml-building-footprints"}, "geometry": {"type": "Polygon", "coordinates": [[[76.94474106498402, 8.497936345309213], [76.94481053715383, 8.497883885103619], [76.94487206055365, 8.497963580353357], [76.9448025860385, 8.498016037509984], [76.94474106498402, 8.497936345309213]]]}}, {"type": "Feature", "properties": {"building_local_id": "MSB-0889", "source": "microsoft-global-ml-building-footprints"}, "geometry": {"type": "Polygon", "coordinates": [[[76.94510604463983, 8.493775818419536], [76.945096611649, 8.493852781639262], [76.94501298497678, 8.493842755551867], [76.94502242403456, 8.493765787269183], [76.94510604463983, 8.493775818419536]]]}}, {"type": "Feature", "properties": {"building_local_id": "MSB-0890", "source": "microsoft-global-ml-building-footprints"}, "geometry": {"type": "Polygon", "coordinates": [[[76.94595138004775, 8.495495818592047], [76.94586680841857, 8.495509657731276], [76.9458460830581, 8.495385715809746], [76.94581214305117, 8.495391269689051], [76.94580221214932, 8.495331880838293], [76.94599279834215, 8.495300693664007], [76.94599323012048, 8.495303275788345], [76.94610288245062, 8.495285332481572], [76.9461218806977, 8.495398945940934], [76.94594014918663, 8.49542868414379], [76.94595138004775, 8.495495818592047]]]}}, {"type": "Feature", "properties": {"building_local_id": "MSB-0891", "source": "microsoft-global-ml-building-footprints"}, "geometry": {"type": "Polygon", "coordinates": [[[76.94736722210367, 8.497330932426337], [76.94731896808196, 8.497332034681904], [76.94731754401194, 8.497271053595128], [76.94736579803364, 8.497269951339405], [76.94736722210367, 8.497330932426337]]]}}, {"type": "Feature", "properties": {"building_local_id": "MSB-0892", "source": "microsoft-global-ml-building-footprints"}, "geometry": {"type": "Polygon", "coordinates": [[[76.94348205488332, 8.498085014696116], [76.94356872045847, 8.498062902292531], [76.94358753493134, 8.498135031901228], [76.94350086457032, 8.49815714552173], [76.94348205488332, 8.498085014696116]]]}}, {"type": "Feature", "properties": {"building_local_id": "MSB-0893", "source": "microsoft-global-ml-building-footprints"}, "geometry": {"type": "Polygon", "coordinates": [[[76.94377503628034, 8.498540160517578], [76.94371218302179, 8.49849285947225], [76.9436236775795, 8.49860790687589], [76.94354723184898, 8.498550381938273], [76.94372301517757, 8.49832188275154], [76.9438130512602, 8.498389634384196], [76.94380271106441, 8.498403075514204], [76.94385197609071, 8.498440147155918], [76.94377503628034, 8.498540160517578]]]}}, {"type": "Feature", "properties": {"building_local_id": "MSB-0894", "source": "microsoft-global-ml-building-footprints"}, "geometry": {"type": "Polygon", "coordinates": [[[76.94442732902024, 8.497728545112722], [76.94446171168245, 8.49775884943746], [76.94445032790749, 8.497771482210311], [76.94450115268471, 8.497816281862697], [76.94444725506953, 8.49787609296996], [76.94436204586317, 8.497800990966326], [76.94442732902024, 8.497728545112722]]]}}, {"type": "Feature", "properties": {"building_local_id": "MSB-0895", "source": "microsoft-global-ml-building-footprints"}, "geometry": {"type": "Polygon", "coordinates": [[[76.94466554563404, 8.496048139610124], [76.94471622505067, 8.496092344761834], [76.94460045871858, 8.496222158856625], [76.94454978446923, 8.496177958227008], [76.94466554563404, 8.496048139610124]]]}}, {"type": "Feature", "properties": {"building_local_id": "MSB-0896", "source": "microsoft-global-ml-building-footprints"}, "geometry": {"type": "Polygon", "coordinates": [[[76.94575722684843, 8.495306728446707], [76.9456630399125, 8.495328308662451], [76.94564416888815, 8.495247743457384], [76.94573835582405, 8.495226163237163], [76.94575722684843, 8.495306728446707]]]}}, {"type": "Feature", "properties": {"building_local_id": "MSB-0897", "source": "microsoft-global-ml-building-footprints"}, "geometry": {"type": "Polygon", "coordinates": [[[76.94617643348336, 8.494715655476284], [76.94618148165051, 8.494850763272765], [76.94614029509572, 8.494852265735588], [76.94613525647651, 8.49471715759131], [76.94617643348336, 8.494715655476284]]]}}, {"type": "Feature", "properties": {"building_local_id": "MSB-0898", "source": "microsoft-global-ml-building-footprints"}, "geometry": {"type": "Polygon", "coordinates": [[[76.94676706031068, 8.498614826038136], [76.94674904970387, 8.498562533069588], [76.9468379733954, 8.498532575105841], [76.9468960985355, 8.49870133876459], [76.94669902440837, 8.49876773205726], [76.94665890987504, 8.498651261391316], [76.94676706031068, 8.498614826038136]]]}}, {"type": "Feature", "properties": {"building_local_id": "MSB-0899", "source": "microsoft-global-ml-building-footprints"}, "geometry": {"type": "Polygon", "coordinates": [[[76.94678573691826, 8.495297747012785], [76.94682806592728, 8.495386838608667], [76.94674543734946, 8.495425240147995], [76.94670310317629, 8.495336150961037], [76.94678573691826, 8.495297747012785]]]}}, {"type": "Feature", "properties": {"building_local_id": "MSB-0900", "source": "microsoft-global-ml-building-footprints"}, "geometry": {"type": "Polygon", "coordinates": [[[76.94692602873974, 8.495053261894498], [76.94686602803026, 8.495063221519274], [76.9468463256453, 8.49494711677201], [76.94690632635478, 8.494937157144236], [76.94692602873974, 8.495053261894498]]]}}, {"type": "Feature", "properties": {"building_local_id": "MSB-0901", "source": "microsoft-global-ml-building-footprints"}, "geometry": {"type": "Polygon", "coordinates": [[[76.94344895757531, 8.495414430467278], [76.9435395990209, 8.495524395673073], [76.94345355788056, 8.49559376333849], [76.94336292111012, 8.495483794383418], [76.94344895757531, 8.495414430467278]]]}}, {"type": "Feature", "properties": {"building_local_id": "MSB-0902", "source": "microsoft-global-ml-building-footprints"}, "geometry": {"type": "Polygon", "coordinates": [[[76.94418001951873, 8.495039177638446], [76.94420611522077, 8.495103021931342], [76.94398479227424, 8.495191511268004], [76.94395869657224, 8.495127666989845], [76.94418001951873, 8.495039177638446]]]}}, {"type": "Feature", "properties": {"building_local_id": "MSB-0903", "source": "microsoft-global-ml-building-footprints"}, "geometry": {"type": "Polygon", "coordinates": [[[76.94450137116594, 8.494629319806108], [76.9444522528735, 8.494664652786838], [76.9444088726443, 8.49460566345472], [76.94445799093674, 8.49457033046859], [76.94450137116594, 8.494629319806108]]]}}, {"type": "Feature", "properties": {"building_local_id": "MSB-0904", "source": "microsoft-global-ml-building-footprints"}, "geometry": {"type": "Polygon", "coordinates": [[[76.94452867591312, 8.498136816865298], [76.94457791445305, 8.498091203449434], [76.94463084058657, 8.498147088226048], [76.94458159822051, 8.498192701771089], [76.94452867591312, 8.498136816865298]]]}}, {"type": "Feature", "properties": {"building_local_id": "MSB-0905", "source": "microsoft-global-ml-building-footprints"}, "geometry": {"type": "Polygon", "coordinates": [[[76.94843730935816, 8.494353593298797], [76.94847565173474, 8.494347730392448], [76.94849170476557, 8.494450423752895], [76.94845336989165, 8.494456288164017], [76.94843730935816, 8.494353593298797]]]}}, {"type": "Feature", "properties": {"building_local_id": "MSB-0906", "source": "microsoft-global-ml-building-footprints"}, "geometry": {"type": "Polygon", "coordinates": [[[76.94370897100518, 8.49739584189787], [76.94376135812898, 8.497438867508123], [76.9437053642223, 8.497505555952785], [76.94365297529639, 8.497462532496328], [76.94370897100518, 8.49739584189787]]]}}, {"type": "Feature", "properties": {"building_local_id": "MSB-0907", "source": "microsoft-global-ml-building-footprints"}, "geometry": {"type": "Polygon", "coordinates": [[[76.9444779587572, 8.49470399984277], [76.94451520390574, 8.494783672956942], [76.94441438496462, 8.4948297817905], [76.94437713248293, 8.494750105060405], [76.9444779587572, 8.49470399984277]]]}}, {"type": "Feature", "properties": {"building_local_id": "MSB-0908", "source": "microsoft-global-ml-building-footprints"}, "geometry": {"type": "Polygon", "coordinates": [[[76.94478403292814, 8.495738008438067], [76.94470229185363, 8.49582217490773], [76.94464090803301, 8.495763861126136], [76.94472264910755, 8.495679694643684], [76.94478403292814, 8.495738008438067]]]}}, {"type": "Feature", "properties": {"building_local_id": "MSB-0909", "source": "microsoft-global-ml-building-footprints"}, "geometry": {"type": "Polygon", "coordinates": [[[76.94637209850686, 8.495776544984025], [76.94646144118065, 8.495771919074386], [76.9464627596911, 8.495796795113947], [76.94650823228451, 8.495794437524822], [76.94651328021865, 8.495889675744792], [76.94637845680127, 8.495896665848448], [76.94637209850686, 8.495776544984025]]]}}]}